cod_mun,municipio,por_ganador,partido_ganador,p_p,p_s_o_e,espana_2000,aes,podemos,uleg,pcas_tc,c_s,u_py_d,p_lib,la_coalicion_nacional,iucm_lv,sa_in,ph,p_c_p_e,fe_de_las_jons,pacma,recortes_cero,vox
28001,La Acebeda,72.55,PP,72.55,7.84,0,0,7.84,0,0,1.96,1.96,0,0,1.96,0,0,0,0,3.92,0,1.96
28002,Ajalvir,40.83,PP,40.83,24.51,0.47,0.21,11.81,0.1,0.05,13.52,1.71,0.05,0.16,2.9,0,0.16,0.1,0.21,1.19,0.05,0.52
28003,Alameda del Valle,36.67,PSOE,31.33,36.67,0,0,17.33,0,0,8.67,0,0,0,2,0,0,0,0,0,0,0.67
28004,El Álamo,39.44,PP,39.44,25.29,0.16,0.03,15.69,0,0.03,10.71,0.89,0.03,0.1,4.14,0,0.1,0.18,0.29,0.96,0.08,1.09
28005,Alcalá de Henares,27.41,PP,27.41,26.41,2.07,0.06,20.26,0.02,0.08,13.37,2.26,0.05,0.06,4.47,0.09,0.13,0.11,0.14,0.98,0.12,0.77
28006,Alcobendas,35.13,PP,35.13,25.13,0.09,0.15,16.64,0.02,0.04,12.57,2.79,0.08,0.08,3.24,0.03,0.17,0.09,0.2,0.96,0.09,1.43
28007,Alcorcón,29.93,PP,29.93,27.17,0.08,0.08,20.56,0.03,0.11,11.96,2.38,0.05,0.06,4.01,0.04,0.12,0.12,0.12,1.08,0.17,0.84
28008,Aldea del Fresno,43.33,PP,43.33,23.75,0.16,0,14.25,0.08,0,9.75,0.49,0,0.08,4.42,0,0.08,0.08,0.49,0.82,0,0.16
28009,Algete,35.43,PP,35.43,22.9,0.36,0.19,15.15,0.02,0.08,15.37,1.82,0.05,0.06,3.89,0,0.11,0.25,0.23,1.26,0.2,1.23
28010,Alpedrete,34.49,PP,34.49,20.51,0.12,0.16,19.79,0.03,0.03,14.57,2.53,0.01,0.06,3.35,0.07,0.12,0,0.31,1.14,0.12,1.42
28011,Ambite,38.41,PP,38.41,17.68,0.3,0,17.68,0,0.3,11.28,1.52,0,0,6.1,0,0,0.3,2.74,1.52,0,0.91
28012,Anchuelo,37.16,PP,37.16,27.79,1.13,0,14.22,0,0,11.95,1.13,0,0,2.58,0,0.32,0,0,1.13,0,0.65
28013,Aranjuez,31.62,PP,31.62,29.53,0.1,0.04,18.68,0.04,0.05,11.34,1.32,0.04,0.06,3.5,0.01,0.08,0.09,0.24,1.11,0.12,0.81
28014,Arganda del Rey,32.65,PP,32.65,24.39,0.25,0.07,18.88,0.03,0.06,13.06,2.28,0.03,0.07,4.36,0.01,0.13,0.17,0.25,1.24,0.18,0.51
28015,Arroyomolinos,30.21,PP,30.21,18.74,0.11,0.06,18.49,0.05,0.03,21.49,3.09,0.05,0.1,3.22,0.02,0.11,0.06,0.24,1.23,0.07,1.28
28016,El Atazar,38.24,PSOE,27.94,38.24,4.41,0,8.82,0,0,4.41,1.47,1.47,0,8.82,0,0,0,0,0,0,0
28017,Batres,29.4,PP,29.4,20.6,0,0,27.02,0,0,12.5,2.74,0,0.12,3.45,0.12,0.24,0,0,1.31,0.12,1.19
28018,Becerril de la Sierra,41.16,PP,41.16,22.1,0.04,0,16.85,0,0.04,11.32,1.37,0.07,0.04,4.41,0,0.07,0.11,0.22,0.51,0,0.83
28019,Belmonte de Tajo,37.34,PSOE,28.49,37.34,0,0.11,13.73,0,0,7.83,1.36,0.23,1.25,4.99,0,0.45,0.11,0,1.02,0.23,0.91
28020,Berzosa del Lozoya,38.32,PP,38.32,18.69,0,0,31.78,0,0,6.54,0.93,0,0,1.87,0,0.93,0,0,0.93,0,0
28021,El Berrueco,36.2,PP,36.2,16.91,0.3,0,27.6,0,0,10.68,1.48,0,0,1.78,0,0,0.59,0,1.78,0,0.59
28022,Boadilla del Monte,46.3,PP,46.3,15.38,0.07,0.12,10.5,0.01,0.02,18.59,1.97,0.06,0.11,1.79,0.03,0.05,0.06,0.16,0.82,0.08,2.64
28023,El Boalo,36.03,PP,36.03,21.76,0,0.17,18.99,0,0.14,13,1.75,0.06,0.09,3.81,0.03,0,0,0.23,1.09,0.11,1.49
28024,Braojos,51.85,PP,51.85,25.19,0,0,8.89,0,0,6.67,0.74,0,0,2.96,0,0,0,0.74,0.74,0,2.22
28025,Brea de Tajo,61.63,PP,61.63,19.77,0,0,6.98,0,0,5.52,0.87,0,0,2.03,0,0,0.29,0.29,0.58,0,0
28026,Brunete,40.77,PP,40.77,19.11,0.05,0.1,16.07,0,0,14.06,1.32,0,0.14,3.95,0,0.1,0.26,0.22,1.08,0.1,1.2
28027,Buitrago del Lozoya,40.37,PP,40.37,25.89,0.12,0,15.34,0,0,9.69,1.23,0.12,0,4.91,0,0.12,0,0.12,0.37,0.12,0.49
28028,Bustarviejo,31.61,PP,31.61,22.07,0.08,0.16,26.76,0.08,0.08,8.22,1.8,0.16,0.08,4.77,0.08,0,0.08,0.63,1.1,0.16,0.7
28029,Cabanillas de la Sierra,43.58,PP,43.58,18.81,0.23,0,16.74,0,0,12.16,1.61,0,0,2.29,0,0,0,0.23,1.15,0,1.15
28030,La Cabrera,39.07,PP,39.07,22.02,0.16,0.24,21.3,0.16,0,8.81,0.72,0.08,0,4.08,0.08,0.08,0,0.08,1.2,0.08,0.32
28031,Cadalso de los Vidrios,47.01,PP,47.01,37.82,0.19,0,7.77,0,0,2.96,0.25,0.06,0.06,2.41,0,0,0.06,0.19,0.25,0,0.12
28032,Camarma de Esteruelas,30.4,PP,30.4,28.33,1.91,0.03,16.71,0,0.03,12.83,2.16,0,0,4.52,0,0,0.13,0.06,0.7,0,0.73
28033,Campo Real,42.17,PP,42.17,21.8,0.24,0.08,12.88,0,0.04,14.55,0.95,0.12,0.28,3.37,0.12,0.04,0.04,0.48,1.35,0.2,0.4
28034,Canencia,56.41,PP,56.41,19.41,0.37,0,8.79,0,0,5.13,0.73,0,0,5.13,0,0,0.37,0.37,0,0,0.37
28035,Carabaña,39.92,PP,39.92,33.04,0,0.1,12.79,0,0,6.49,0.68,0,0,4.36,0,0.19,0.1,0.1,0.78,0,0.29
28036,Casarrubuelos,28.84,PP,28.84,17.6,0.06,0,23.22,0.06,0,12.5,1.32,0.06,0,12.73,0.06,0.11,0.17,0.34,1.61,0,0.46
28037,Cenicientos,48.41,PSOE,34.05,48.41,0,0,7.06,0,1.43,4.21,0.71,0,0,3.1,0,0,0.08,0.08,0.24,0,0.08
28038,Cercedilla,32.56,PP,32.56,26.87,0.03,0,20.76,0,0.03,9.33,1.09,0,0.03,6,0.06,0.17,0.06,0.03,0.95,0.03,0.69
28039,Cervera de Buitrago,39.25,PSOE,28.04,39.25,0.93,0,14.95,0,0,3.74,0,0,0.93,6.54,0.93,0,0.93,0,0.93,0,0.93
28040,Ciempozuelos,28.01,PSOE,27.21,28.01,0.28,0.11,20.83,0.09,0.05,10.69,1.72,0.08,0.13,6.52,0.06,0.06,0.26,0.3,1.4,0.19,0.54
28041,Cobeña,36.59,PP,36.59,19.64,0.06,0.25,14.14,0,0.16,17.55,2.68,0.12,0,3.87,0.06,0.16,0.06,0.19,1.62,0.09,1.19
28042,Colmenar del Arroyo,52.71,PP,52.71,16,0.12,0.12,15.04,0,0,7.7,1.56,0.12,0.24,3.37,0.12,0,0.48,0.12,0.96,0,0.72
28043,Colmenar de Oreja,40.67,PP,40.67,27.04,0.09,0,15.96,0,0.06,7.63,1.07,0.06,0.12,3.77,0.09,0.06,0.06,0.17,1.02,0.06,0.38
28044,Colmenarejo,30.73,PP,30.73,22.69,0.27,0.25,19.79,0.02,0.02,14.9,2.01,0.1,0.12,4.89,0.07,0.15,0.07,0.2,0.94,0.05,1.19
28045,Colmenar Viejo,34.33,PP,34.33,22.82,0.13,0.06,18.39,0.02,0.06,13.59,2.81,0.04,0.11,3.78,0.02,0.11,0.11,0.21,1,0.11,0.98
28046,Collado Mediano,38.92,PP,38.92,21.15,0,0,18.75,0,0.03,11.76,1.33,0.1,0,4.73,0.13,0.19,0.06,0.19,0.94,0.03,0.81
28047,Collado Villalba,30.05,PP,30.05,24.05,0.06,0.11,21.09,0.02,0.1,13.32,2.55,0.1,0.1,4.23,0.12,0.12,0.08,0.3,1.35,0.18,1.03
28048,Corpa,31.52,PSOE,30.49,31.52,0.78,0,22.22,0,0,3.62,0.78,0,0,9.04,0,0,0,0,0.26,0.26,0.26
28049,Coslada,27.9,PSOE,23.64,27.9,0.49,0.03,24.14,0.04,0.05,11.44,2.17,0.08,0.06,5.99,0.03,0.11,0.22,0.17,1.58,0.18,0.45
28050,Cubas de la Sagra,39.81,PP,39.81,19.32,0.11,0.08,16.17,0.08,0.08,14.99,1.63,0.04,0.04,3.11,0.08,0.08,0,0.46,1.48,0.11,0.8
28051,Chapinería,38.91,PP,38.91,24.89,0.09,0,16.02,0,0,12.22,1.18,0,0,4.52,0,0.09,0.18,0.18,0.54,0.27,0.72
28052,Chinchón,48.6,PP,48.6,23.01,0.15,0.04,10.53,0.04,0,10.3,0.65,0.04,0.15,2.96,0.04,0.04,0.15,0.27,0.73,0,0.58
28053,Daganzo de Arriba,33.04,PP,33.04,21.88,0.37,0.15,19.24,0.11,0.07,15.7,1.99,0,0.04,4,0.11,0.09,0.04,0.22,0.79,0.02,0.68
28054,El Escorial,36.25,PP,36.25,21.86,0.04,0.19,17.94,0.06,0.04,12.39,1.85,0.08,0.03,3.92,0.01,0.04,0.08,0.17,1.12,0.07,2.41
28055,Estremera,47.32,PP,47.32,38.1,0.15,0,4.76,0,0,5.51,0.6,0,0.15,1.04,0,0.15,0,0.45,0.15,0,0.15
28056,Fresnedillas de la Oliva,39.94,PP,39.94,25.53,0.15,0.15,20.57,0,0.15,5.86,0.75,0,0,2.85,0.3,0.15,0,0,0.9,0,0.15
28057,Fresno de Torote,35.93,PP,35.93,20.26,1.22,0.28,19.14,0,0,12.57,1.31,0.66,0,3.47,0.09,0,0.47,0.28,1.69,0.19,1.03
28058,Fuenlabrada,32.9,PSOE,20.51,32.9,0.18,0.06,22.94,0.11,0.05,12.79,2.13,0.07,0.09,4.25,0.03,0.12,0.1,0.29,1.56,0.19,0.5
28059,Fuente el Saz de Jarama,38.53,PP,38.53,22.76,0.18,0.11,15.49,0,0.04,12.14,2.04,0.04,0.07,4.07,0.04,0.25,0.11,0.22,1.24,0.11,0.84
28060,Fuentidueña de Tajo,45.71,PSOE,21.13,45.71,0,0,12.29,0,0.08,4.88,0.59,0,0,12.71,0,0.17,0.08,0,0.84,0.08,0.17
28061,Galapagar,36.11,PP,36.11,20.68,0.08,0.23,17.73,0.03,0.09,14.29,2.06,0.09,0.1,4.09,0.03,0.08,0.11,0.26,1.13,0.13,1.53
28062,Garganta de los Montes,15.55,Podemos,14.29,9.24,0.42,0,15.55,0,0,13.87,1.26,0,0,2.1,0,0,0,0.42,0,0,0.84
28063,Gargantilla del Lozoya y Pinilla de Buitrago,41.31,PP,41.31,22.54,0,0,18.78,0,0,9.39,0.47,0,0,4.69,0,0,0,0.47,1.41,0,0
28064,Gascones,54.31,PP,54.31,19.83,0,0,12.07,0,0.86,7.76,0,0,0,4.31,0,0,0,0,0,0,0
28065,Getafe,29.99,PSOE,25.71,29.99,0.13,0.05,23.06,0.08,0.12,9.94,2.11,0.05,0.06,5.34,0.04,0.1,0.08,0.17,1.13,0.18,0.68
28066,Griñón,43.55,PP,43.55,16.91,0.09,0.02,13.87,0.09,0.04,15.77,1.94,0.07,0,2.69,0.02,0.09,0.11,0.33,1.23,0.09,1.92
28067,Guadalix de la Sierra,37.44,PP,37.44,28.91,0.07,0.03,14.46,0,0,11.32,0.99,0.03,0.17,2.69,0.03,0.1,0.03,0.2,1.19,0.1,1.13
28068,Guadarrama,37.65,PP,37.65,23.04,0.18,0.1,16.99,0.03,0.11,11.86,1.99,0.15,0.08,2.79,0.03,0.06,0.14,0.36,1.2,0.07,1.8
28069,La Hiruela,38.24,PP,38.24,29.41,0,0,23.53,0,0,5.88,0,0,0,0,0,0,0,0,0,2.94,0
28070,Horcajo de la Sierra-Aoslos,46.81,PP,46.81,14.89,0,0,21.28,0,0,10.64,0,0,1.06,2.13,0,0,0,0,0,0,1.06
28071,Horcajuelo de la Sierra,42.86,PP,42.86,26.53,0,0,8.16,0,0,8.16,0,0,0,2.04,0,0,0,2.04,0,0,2.04
28072,Hoyo de Manzanares,39.05,PP,39.05,20.06,0.05,0.05,15.96,0,0.05,14.06,1.98,0.13,0,3.44,0.08,0.03,0.05,0.34,1.04,0.05,2.37
28073,Humanes de Madrid,32.7,PP,32.7,23.07,0.26,0.02,19.68,0.13,0.09,13.05,2.5,0.09,0.09,4.08,0.08,0.22,0.18,0.23,1.3,0.16,0.45
28074,Leganés,29.69,PSOE,22.91,29.69,0.1,0.05,22.65,4.7,0.05,10.14,1.88,0.04,0.08,4.59,0.03,0.1,0.14,0.18,0.95,0.13,0.56
28075,Loeches,31.26,PP,31.26,25.98,0.69,0.03,18.47,0.03,0.05,13.02,1.83,0.05,0.33,3.68,0.03,0.23,0.1,0.46,2.28,0.1,0.36
28076,Lozoya,42.06,PP,42.06,31.18,0,0.29,12.06,0.29,0,6.76,0.59,0,0,4.41,0,0,0.29,0.29,0.59,0,0.29
28078,Madarcos,41.18,PP,41.18,14.71,0,0,35.29,0,0,5.88,0,0,0,0,0,2.94,0,0,0,0,0
28079,Madrid,35.11,PP,35.11,25.72,0.08,0.08,17.75,0.02,0.05,11.28,1.91,0.06,0.09,4.18,0.04,0.11,0.09,0.14,0.85,0.12,1.34
28080,Majadahonda,44.94,PP,44.94,16.86,0.06,0.11,10.66,0.01,0.03,17.88,1.95,0.06,0.07,2.27,0.04,0.05,0.03,0.17,0.82,0.1,2.71
28082,Manzanares el Real,32.17,PP,32.17,22.06,0.05,0.03,25.45,0.1,0.08,12.25,1.56,0.03,0.05,2.99,0,0.08,0.13,0.08,1.13,0.15,0.55
28083,Meco,30.66,PP,30.66,22.43,2.08,0.05,19.32,0,0.04,14.65,2.45,0.02,0.05,4.1,0.07,0.14,0.12,0.14,1.25,0.19,0.92
28084,Mejorada del Campo,28.21,PSOE,22.75,28.21,0.68,0.05,23.4,0.01,0.05,10.48,3.87,0.04,0.21,5.89,0.08,0.23,0.21,0.24,1.61,0.25,0.47
28085,Miraflores de la Sierra,37.09,PP,37.09,32.37,0,0,14.57,0,0.04,7.81,1.86,0,0.11,3.04,0,0.14,0.07,0.32,0.86,0.07,0.61
28086,El Molar,36.46,PP,36.46,25.08,0,0.19,15.16,0,0.1,13.57,1.75,0.03,0.1,2.64,0.1,0.22,0.13,0.35,1.3,0.13,0.6
28087,Los Molinos,44.08,PP,44.08,23.88,0,0.09,13.26,0,0,10.19,1.21,0,0.17,3.41,0,0.13,0.04,0.22,0.82,0.09,1.17
28088,Montejo de la Sierra,30.23,PP,30.23,25.58,0,0,22.09,0,0,12.21,0.58,0,0.58,5.23,0,0.58,0,0,0,0,0.58
28089,Moraleja de Enmedio,39.17,PP,39.17,26.01,0.23,0,13.77,0.12,0,13.12,1.89,0.04,0,2.69,0,0.08,0,0.23,1,0.08,0.27
28090,Moralzarzal,34.53,PP,34.53,21.12,0.1,0.05,18.12,0.02,0.05,14.83,2.08,0.07,0.28,4.41,0.03,0.18,0.18,0.25,1.36,0.08,0.99
28091,Morata de Tajuña,36.9,PP,36.9,31.88,0.08,0,15.22,0.03,0.03,6.52,0.53,0.17,0.08,5.3,0.2,0.03,0.08,0.08,0.72,0.03,0.2
28092,Móstoles,28.86,PP,28.86,26.76,0.16,0.1,22.84,0.05,0.09,10.47,2.33,0.08,0.09,4.28,0.04,0.11,0.14,0.22,1.36,0.21,0.59
28093,Navacerrada,44.25,PP,44.25,23.8,0.07,0,11.1,0,0,12.57,1.14,0,0,2.14,0,0.33,0.13,0.53,1.27,0.07,1.54
28094,Navalafuente,33.7,PP,33.7,21.2,0.36,0.18,24.82,0.18,0,11.78,1.63,0,0.36,2.17,0,0,0,0.91,1.81,0.18,0.18
28095,Navalagamella,41.89,PP,41.89,21.46,0.09,0,18.37,0,0,7.31,1.41,0,0.28,4.97,0.09,0.09,0.28,0.19,0.84,0.19,1.22
28096,Navalcarnero,32.31,PP,32.31,27.14,0.08,0.07,16.9,0.05,0.07,14.19,2.58,0.12,0.09,2.79,0.04,0.07,0.17,0.36,0.92,0.12,0.74
28097,Navarredonda y San Mamés,46.24,PSOE,20.43,46.24,1.08,0,22.58,0,0,6.45,1.08,0,0,2.15,0,0,0,0,0,0,0
28099,Navas del Rey,48,PP,48,21.96,0.24,0,12.38,0.08,0,9.58,0.88,0.24,0,3.51,0,0.16,0.24,0.4,0.88,0,0.16
28100,Nuevo Baztán,32.87,PP,32.87,17.76,0.28,0.12,23.68,0.08,0.12,12.27,3.04,0.04,0.04,5.05,0.16,0.2,0,0.2,1.62,0.04,0.71
28101,Olmeda de las Fuentes,37.17,PP,37.17,25.13,0,0,20.94,0,0,10.47,1.05,0,0,3.14,0,0.52,0,0,1.05,0,0.52
28102,Orusco de Tajuña,45.86,PSOE,31.64,45.86,0.15,0,8.85,0,0,4.79,1.02,0,0,4.06,0.15,0,0.15,0,0.58,0.15,0.44
28104,Paracuellos de Jarama,32.02,PP,32.02,18.93,0.14,0.04,17.01,0.05,0.06,22.26,1.85,0.06,0.12,3.4,0.01,0.1,0.11,0.27,0.82,0.09,1.12
28106,Parla,26.59,Podemos,21.9,24.94,0.23,0.07,26.59,0.11,0.13,11.64,2.89,0.07,0.12,6.15,0.06,0.2,0.22,0.38,1.92,0.33,0.67
28107,Patones,47.49,PSOE,23.89,47.49,0.29,0,10.91,0,0,11.21,1.47,0,0,3.54,0.29,0,0,0.29,0,0,0.29
28108,Pedrezuela,32.28,PP,32.28,19.42,0,0.09,21.28,0,0,14.98,2.72,0.05,0.05,4.16,0.05,0.5,0.05,0.32,1.31,0.09,1.04
28109,Pelayos de la Presa,47.2,PP,47.2,19.63,0.1,0,16,0,0,8.34,1.47,0,0.2,2.94,0.39,0,0,0.49,0.79,0.1,0.88
28110,Perales de Tajuña,41.68,PP,41.68,32.51,0.14,0.07,11.36,0,0,6.57,0.96,0.07,0,3.97,0,0.07,0,0.14,0.41,0,0.82
28111,Pezuela de las Torres,43.17,PP,43.17,20.93,0.44,0,11.89,0,0,13.88,1.1,0.22,0,4.19,0.22,0.22,0,0,0.88,0,1.54
28112,Pinilla del Valle,38.46,PP,38.46,32.87,0,0,11.19,0,0,12.59,1.4,0,0,0.7,0,0,0,0,0.7,0.7,0.7
28113,Pinto,27.31,PSOE,26.87,27.31,0.16,0.04,22.83,0.03,0.22,12.26,2.82,0.03,0.07,3.37,0.02,0.13,0.11,0.2,1.63,0.11,0.55
28114,Piñuécar-Gandullas,38.39,PP,38.39,25.89,0.89,2.68,10.71,0,0.89,7.14,7.14,0,0,1.79,0,0,0,3.57,0,0,0
28115,Pozuelo de Alarcón,48.19,PP,48.19,15.98,0.04,0.11,9.63,0,0.03,17.12,1.92,0.07,0.09,1.66,0.03,0.06,0.03,0.14,0.73,0.07,3.11
28116,Pozuelo del Rey,32.45,PP,32.45,23.96,1.32,0,19.25,0,0,12.64,2.26,0,0,3.96,0.57,0,0.19,0,1.89,0,0.57
28117,Prádena del Rincón,49.3,PP,49.3,22.54,0,0,15.49,0,0,4.23,0,0,0,4.23,0,0,0,0,0,0,0
28118,Puebla de la Sierra,36.36,PP,36.36,23.64,0,0,25.45,0,0,0,1.82,0,0,3.64,0,0,0,0,0,0,7.27
28119,Quijorna,40.31,PP,40.31,18.42,0,0,12.96,0.07,0,17.74,2.25,0.48,0.07,4.16,0,0,0.2,0.55,1.09,0.07,0.82
28120,Rascafría,35.92,PP,35.92,32.27,0,0,12.54,0,0,6.96,0.8,0,0,7.75,0,0,0.23,0.57,0.23,0.23,0.8
28121,Redueña,40,PP,40,31.52,0,0,12.73,0.61,0,9.7,0.61,0,0,0.61,0,0,0,0,0.61,0.61,0.61
28122,Ribatejada,39.9,PP,39.9,27.2,0.26,0,14.77,0,0,7.51,1.04,0,0,4.4,0.26,0,0.26,0.26,1.55,0,1.04
28123,Rivas-Vaciamadrid,29.57,Podemos,19.06,24.6,0.12,0.04,29.57,0.02,0.02,14.52,1.77,0.07,0.05,6.63,0.03,0.11,0.11,0.14,1.34,0.13,0.52
28124,Robledillo de la Jara,40.98,PP,40.98,18.03,0,0,18.03,0,0,9.84,3.28,0,0,6.56,0,0,0,0,1.64,0,0
28125,Robledo de Chavela,47.33,PP,47.33,21.99,0,0.05,14.17,0.05,0.1,7.4,1.48,0,0,3.15,0.05,0.05,0.05,0.38,1.1,0,0.62
28126,Robregordo,44.83,PP,44.83,NA,NA,NA,NA,NA,NA,NA,NA,NA,NA,NA,NA,NA,NA,NA,NA,NA,NA
28126,Robregordo,44.83,PSOE,NA,44.83,0,0,0,0,0,0,3.45,0,0,3.45,0,0,0,0,0,0,0
28127,Las Rozas de Madrid,41.45,PP,41.45,16.9,0.05,0.11,11.59,0.01,0.01,19.43,2.49,0.05,0.06,2.37,0.02,0.07,0.06,0.18,0.96,0.06,2.88
28128,Rozas de Puerto Real,41.18,PP,41.18,30.65,0,0,12.69,0,0,8.36,0.62,0,0.31,3.1,0,0,0,0,0.62,0.31,0.31
28129,San Agustín del Guadalix,35.08,PP,35.08,21.43,0.15,0.09,15.74,0.04,0.04,18.66,1.75,0.23,0.06,2.6,0.06,0.08,0.11,0.15,1.21,0.25,1.02
28130,San Fernando de Henares,27.36,PSOE,22.82,27.36,2.01,0.09,23.02,0.04,0.08,10.89,2.42,0.02,0.07,7.63,0.06,0.11,0.14,0.13,1.5,0.14,0.38
28131,San Lorenzo de El Escorial,34.45,PP,34.45,21.94,0.07,0.3,17.51,0.07,0.06,15.44,1.76,0.06,0.1,3.26,0.06,0.12,0.06,0.26,1.28,0.1,2.04
28132,San Martín de la Vega,33.71,PSOE,26.8,33.71,0.15,0.05,19.74,0.09,0.17,10.13,1.91,0.07,0.11,3.06,0.03,0.03,0.19,0.45,1.51,0.25,0.4
28133,San Martín de Valdeiglesias,39.53,PP,39.53,36.28,0,0.05,11.25,0.08,0.05,6.05,0.33,0.05,0.13,2.82,0.15,0.08,0.2,0.13,0.72,0.1,0.69
28134,San Sebastián de los Reyes,29.25,PP,29.25,26.1,0.16,0.13,19.96,0.02,0.08,13.5,2.2,0.09,0.06,4.83,0.03,0.14,0.12,0.19,1.03,0.16,0.75
28135,Santa María de la Alameda,45.01,PP,45.01,22.85,0,0.14,19.67,0,0,5.96,0.83,0,0.28,2.91,0,0,0,0,0.83,0,0.55
28136,Santorcaz,43.93,PP,43.93,23.89,1.54,0,12.14,0,0,8.29,0.77,0,0,5.39,0,0,0,0.39,0.58,0,0.58
28137,Los Santos de la Humosa,33.01,PP,33.01,31.47,4.87,0.08,15.82,0,0,9.65,0.57,0.08,0,1.54,0,0,0.16,0.24,0.73,0.24,0.49
28138,La Serna del Monte,52.73,PP,52.73,9.09,0,0,21.82,0,0,3.64,5.45,0,0,5.45,0,0,1.82,0,0,0,0
28140,Serranillos del Valle,39.05,PP,39.05,21.27,0.38,0.05,16.35,0,0.1,13.05,1.53,0.05,0.1,3.68,0.05,0.05,0.19,0.53,1.91,0.14,0.62
28141,Sevilla la Nueva,37.24,PP,37.24,16.62,0.23,0,18.06,0.08,0.05,17.76,2.01,0.13,0.05,3.96,0,0.05,0.03,0.31,1.06,0.15,0.69
28143,Somosierra,58.33,PP,58.33,25,0,0,8.33,0,0,8.33,0,0,0,0,0,0,0,0,0,0,0
28144,Soto del Real,40.61,PP,40.61,23.39,0.12,0.09,15.06,0.02,0.09,12.61,1.37,0.07,0.12,2.24,0.02,0,0.09,0.16,0.72,0.05,2.22
28145,Talamanca de Jarama,31.98,PSOE,29.46,31.98,0,0.18,17.54,0,0.06,10.66,2.34,0.06,0.18,4.43,0,0.06,0.06,0.24,0.54,0,0.78
28146,Tielmes,45.87,PP,45.87,29.07,0.35,0,9.66,0,0,11.4,0.35,0,0.09,1.57,0,0,0,0.17,0.26,0,0.09
28147,Titulcia,42.99,PP,42.99,32.44,0,0,13.48,0,0,6.14,0.67,0,0,2,0,0,0.13,0,0.53,0,0.53
28148,Torrejón de Ardoz,33.58,PP,33.58,22.87,0.31,0.07,20.65,0.02,0.04,12.16,2.21,0.04,0.08,4.01,0.05,0.13,0.16,0.2,1.43,0.14,0.43
28149,Torrejón de la Calzada,32.85,PP,32.85,21.29,0.1,0.1,19.19,0.03,0.03,15.38,3.37,0.08,0.13,3.53,0.08,0.13,0.1,0.18,1.57,0.18,0.42
28150,Torrejón de Velasco,42.61,PP,42.61,18.54,0,0,16.92,0,0,11.58,1.86,0.05,0,4.15,0,0.1,0.19,0.33,1.19,0.14,0.57
28151,Torrelaguna,35.1,PSOE,32.71,35.1,0.33,0.05,13.78,0,0.05,10.45,0.75,0.09,0.05,3.37,0.19,0.09,0.09,0.42,0.7,0,0.98
28152,Torrelodones,42.59,PP,42.59,17.23,0.05,0.16,12.81,0.01,0.04,17.3,1.93,0.1,0.04,2.53,0.05,0.08,0.07,0.18,1.31,0.08,2.05
28153,Torremocha de Jarama,29.49,Podemos,21.62,28.08,0.4,0,29.49,0,0.2,6.87,1.41,0,0,5.45,1.62,0,0.4,0.4,1.21,0.2,1.21
28154,Torres de la Alameda,32.68,PSOE,30.03,32.68,0.9,0,14.95,0,0,13.03,2.05,0.03,0,2.59,0,0,0.17,0.28,1.07,0.2,0.45
28155,Valdaracete,42.76,PP,42.76,41.38,0,0,8.05,0,0,3.68,0.23,0,0,3.22,0,0,0,0.23,0,0,0.23
28156,Valdeavero,36.85,PP,36.85,27.93,1.49,0.15,15.9,0,0,7.13,2.08,0,0.15,3.57,0.3,0,0.59,0.15,0.74,0.59,0.59
28157,Valdelaguna,49.49,PP,49.49,21.32,0.25,0.25,12.94,0,0,10.41,0.51,0,0,2.79,0,0,0.25,0,0.76,0,0
28158,Valdemanco,51.11,PP,51.11,15.56,0,0,14.44,0,0.19,12.22,0.93,0,0,2.41,0,0,0,0.19,0.93,0,0.74
28159,Valdemaqueda,49.14,PP,49.14,30.02,0,0.19,9.75,0,0,4.59,0.76,0,0,1.53,0,0,0.19,0,1.34,0,0.96
28160,Valdemorillo,38.21,PP,38.21,20.68,0.15,0.04,17.05,0,0,14.38,1.86,0.02,0.07,2.91,0.02,0.22,0.13,0.35,1.58,0.07,1.06
28161,Valdemoro,26.28,PP,26.28,22.36,0.18,0.08,19.94,0.07,0.03,19.22,2.79,0.08,0.1,4.25,0.06,0.14,0.17,0.36,1.49,0.11,1.02
28162,Valdeolmos-Alalpardo,40.47,PP,40.47,18.71,0,0,14.47,0.06,0,16.22,1.36,0,0.11,2.94,0.06,0.06,0.28,0.23,1.53,0.17,1.47
28163,Valdepiélagos,32.45,PP,32.45,27.15,0,0,19.87,0,0,7.95,1.99,0,0,6.62,0,0.33,0,0.99,0.66,0,0.33
28164,Valdetorres de Jarama,40.86,PP,40.86,23.07,0.3,0,16.07,0.05,0.05,10.2,1.38,0.2,0.1,2.46,0.15,0.05,0.05,0.59,1.33,0.25,1.08
28165,Valdilecha,51.51,PP,51.51,27.9,0.08,0,8.59,0,0,6.04,0.48,0,0.16,2.46,0.08,0.24,0.24,0.4,0.64,0,0.08
28166,Valverde de Alcalá,33.33,PP,33.33,30.38,0.42,0,19.41,0,0.42,8.44,2.95,0,0,2.11,0,0,0,0,0,0,0
28167,Velilla de San Antonio,25.98,PSOE,23.43,25.98,1.62,0.05,21.66,0.02,0.04,12.96,3.04,0.04,0.09,6.27,0.02,0.11,0.11,0.18,2.14,0.16,0.35
28168,El Vellón,39.61,PP,39.61,27.1,0.12,0,18.47,0,0,8.14,1.46,0,0,2.67,0,0,0,0.61,0.61,0,0.12
28169,Venturada,38.91,PP,38.91,18.33,0,0.09,13,0,0,17.31,1.96,0.09,0,3.93,0.09,0,0,0.28,1.87,0,1.68
28170,Villaconejos,36.42,PP,36.42,31.61,0.06,0,8.84,0,0,5.63,1.01,0,0.47,12.4,0.06,0.06,0.24,0.71,0.53,0.12,0.3
28171,Villa del Prado,49.54,PP,49.54,27.27,0.14,0,10.74,0.07,0.04,6.49,0.43,0,0.04,2.48,0,0.07,0,0.35,0.53,0.07,0.28
28172,Villalbilla,35.4,PP,35.4,17.93,1.03,0.15,17.88,0.02,0.05,16.71,3.12,0.13,0.02,2.9,0.03,0.13,0.05,0.1,1.6,0.08,0.9
28173,Villamanrique de Tajo,43.58,PP,43.58,30.23,0,0,14.11,0,0,6.8,0.76,0,0,1.51,0,0,0.25,0.5,0.5,0,0.25
28174,Villamanta,41.72,PP,41.72,27.9,0,0,13.25,0,0,10.76,1.32,0.08,0.25,1.74,0,0.25,0,0.17,0.83,0,0.66
28175,Villamantilla,42.9,PP,42.9,20.35,0.16,0,12.93,0,0,14.98,1.26,0,0,3.63,0,0,0.16,0.47,0.79,0,0.32
28176,Villanueva de la Cañada,46.5,PP,46.5,13.25,0.02,0.11,10.66,0.01,0,19.07,2.26,0.07,0.07,2.13,0.06,0.06,0.02,0.36,1.29,0.09,2.64
28177,Villanueva del Pardillo,35.64,PP,35.64,21.05,0.08,0.1,12.01,0.01,0.03,21.16,2.12,0.14,0.24,2.49,0.01,0.1,0.04,0.3,1.38,0.08,1.63
28178,Villanueva de Perales,32.39,PSOE,31.27,32.39,0.12,0,15.2,0,0,13.84,1.24,0,0,1.48,0.12,0.25,0.12,0.37,1.11,0.25,1.36
28179,Villar del Olmo,37.74,PP,37.74,18.71,0.21,0,20.08,0,0,12.26,2.33,0,0.11,4.65,0,0,0.21,0.21,1.59,0.11,0.53
28180,Villarejo de Salvanés,38.28,PP,38.28,35.17,0.11,0,12.14,0.08,0.03,7.48,1.36,0,0.11,2.02,0,0.03,0.05,0.11,0.74,0.3,0.41
28181,Villaviciosa de Odón,44.99,PP,44.99,17.53,0.06,0.06,13,0.03,0.02,13.8,2.35,0.05,0.06,2.97,0.01,0.06,0.06,0.16,1.1,0.07,2.4
28182,Villavieja del Lozoya,35.52,PP,35.52,19.67,0,0,22.95,0.55,0,7.65,2.73,0,0,6.56,0,0,0.55,0,0.55,0,0.55
28183,Zarzalejo,32.96,PP,32.96,24.33,0.28,0,26.87,0,0,5.23,0.85,0,0.14,5.37,0,0.14,0,0.14,1.7,0.42,0.57
28901,Lozoyuela-Navas-Sieteiglesias,33.16,PSOE,31.64,33.16,0.17,0,18.27,0.17,0,8.97,1.35,0,0,3.05,0,0.17,0.34,0.51,0.51,0,0.17
28902,Puentes Viejas,41.09,PP,41.09,19.54,0,0,21.26,0,0,8.33,1.72,0,0,4.02,0,0,0.29,0,0.86,0,0.57
28903,Tres Cantos,30.75,PP,30.75,23.07,0.04,0.12,18.75,0.02,0.03,15.83,2.53,0.08,0.06,4.37,0.02,0.11,0.07,0.15,0.85,0.08,1.69
28990,Residentes Ausentes Madrid,29.49,Podemos,26.09,18.68,0.1,0.19,29.49,0.03,0.1,13.93,2.27,0.14,0.11,5.06,0,0.13,0.14,0.07,0.8,0.13,1.89
