fecha,type,actual,media,anomalia_positiva,anomalia_negativa,actual_text
2024-01-01,Media,8.4,7.6,7.6,8.4,"8,4"
2024-01-01,Mínima,3.6,3.3,3.3,3.6,"3,6"
2024-01-01,Máxima,13.1,11.9,11.9,13.1,"13,1"
2024-01-02,Media,9.1,7.6,7.6,9.1,"9,1"
2024-01-02,Mínima,3.8,3.3,3.3,3.8,"3,8"
2024-01-02,Máxima,14.3,11.9,11.9,14.3,"14,3"
2024-01-03,Media,11.3,7.6,7.6,11.3,"11,3"
2024-01-03,Mínima,7.2,3.3,3.3,7.2,"7,2"
2024-01-03,Máxima,15.4,11.9,11.9,15.4,"15,4"
2024-01-04,Media,10.2,7.6,7.6,10.2,"10,2"
2024-01-04,Mínima,6.6,3.3,3.3,6.6,"6,6"
2024-01-04,Máxima,13.8,11.9,11.9,13.8,"13,8"
2024-01-05,Media,8.1,7.6,7.6,8.1,"8,1"
2024-01-05,Mínima,5,3.3,3.3,5,5
2024-01-05,Máxima,11.3,11.9,11.3,11.9,"11,3"
2024-01-06,Media,7,7.6,7,7.6,7
2024-01-06,Mínima,3.1,3.3,3.1,3.3,"3,1"
2024-01-06,Máxima,10.8,11.9,10.8,11.9,"10,8"
2024-01-07,Media,6.1,7.6,6.1,7.6,"6,1"
2024-01-07,Mínima,1.6,3.2,1.6,3.2,"1,6"
2024-01-07,Máxima,10.6,12,10.6,12,"10,6"
2024-01-08,Media,4.8,7.6,4.8,7.6,"4,8"
2024-01-08,Mínima,0.1,3.2,0.1,3.2,"0,1"
2024-01-08,Máxima,9.6,12,9.6,12,"9,6"
2024-01-09,Media,6.2,7.6,6.2,7.6,"6,2"
2024-01-09,Mínima,3,3.2,3,3.2,3
2024-01-09,Máxima,9.4,12,9.4,12,"9,4"
2024-01-10,Media,6.9,7.6,6.9,7.6,"6,9"
2024-01-10,Mínima,4.3,3.2,3.2,4.3,"4,3"
2024-01-10,Máxima,9.5,12,9.5,12,"9,5"
2024-01-11,Media,5.9,7.6,5.9,7.6,"5,9"
2024-01-11,Mínima,2.2,3.2,2.2,3.2,"2,2"
2024-01-11,Máxima,9.6,12,9.6,12,"9,6"
2024-01-12,Media,5.5,7.6,5.5,7.6,"5,5"
2024-01-12,Mínima,0.3,3.2,0.3,3.2,"0,3"
2024-01-12,Máxima,10.8,12,10.8,12,"10,8"
2024-01-13,Media,7.1,7.6,7.1,7.6,"7,1"
2024-01-13,Mínima,2.2,3.1,2.2,3.1,"2,2"
2024-01-13,Máxima,11.9,12.1,11.9,12.1,"11,9"
2024-01-14,Media,9.6,7.6,7.6,9.6,"9,6"
2024-01-14,Mínima,4.7,3.1,3.1,4.7,"4,7"
2024-01-14,Máxima,14.6,12.1,12.1,14.6,"14,6"
2024-01-15,Media,12.3,7.6,7.6,12.3,"12,3"
2024-01-15,Mínima,8.8,3.1,3.1,8.8,"8,8"
2024-01-15,Máxima,15.8,12.1,12.1,15.8,"15,8"
2024-01-16,Media,12.7,7.6,7.6,12.7,"12,7"
2024-01-16,Mínima,9.1,3.1,3.1,9.1,"9,1"
2024-01-16,Máxima,16.3,12.1,12.1,16.3,"16,3"
2024-01-17,Media,13.4,7.6,7.6,13.4,"13,4"
2024-01-17,Mínima,10.3,3.1,3.1,10.3,"10,3"
2024-01-17,Máxima,16.5,12.2,12.2,16.5,"16,5"
2024-01-18,Media,13.1,7.6,7.6,13.1,"13,1"
2024-01-18,Mínima,9.5,3.1,3.1,9.5,"9,5"
2024-01-18,Máxima,16.6,12.2,12.2,16.6,"16,6"
2024-01-19,Media,7.8,7.6,7.6,7.8,"7,8"
2024-01-19,Mínima,3.9,3.1,3.1,3.9,"3,9"
2024-01-19,Máxima,11.7,12.2,11.7,12.2,"11,7"
2024-01-20,Media,5.8,7.7,5.8,7.7,"5,8"
2024-01-20,Mínima,1.3,3.1,1.3,3.1,"1,3"
2024-01-20,Máxima,10.4,12.2,10.4,12.2,"10,4"
2024-01-21,Media,7.1,7.7,7.1,7.7,"7,1"
2024-01-21,Mínima,1.7,3.1,1.7,3.1,"1,7"
2024-01-21,Máxima,12.5,12.3,12.3,12.5,"12,5"
2024-01-22,Media,8.4,7.7,7.7,8.4,"8,4"
2024-01-22,Mínima,2.6,3.1,2.6,3.1,"2,6"
2024-01-22,Máxima,14.1,12.3,12.3,14.1,"14,1"
2024-01-23,Media,11.1,7.7,7.7,11.1,"11,1"
2024-01-23,Mínima,5.4,3.1,3.1,5.4,"5,4"
2024-01-23,Máxima,16.9,12.3,12.3,16.9,"16,9"
2024-01-24,Media,11.6,7.7,7.7,11.6,"11,6"
2024-01-24,Mínima,5.2,3.1,3.1,5.2,"5,2"
2024-01-24,Máxima,18,12.4,12.4,18,18
2024-01-25,Media,11.9,7.7,7.7,11.9,"11,9"
2024-01-25,Mínima,4.7,3.1,3.1,4.7,"4,7"
2024-01-25,Máxima,19.2,12.4,12.4,19.2,"19,2"
2024-01-26,Media,11.6,7.7,7.7,11.6,"11,6"
2024-01-26,Mínima,4.8,3.1,3.1,4.8,"4,8"
2024-01-26,Máxima,18.3,12.4,12.4,18.3,"18,3"
2024-01-27,Media,11.5,7.8,7.8,11.5,"11,5"
2024-01-27,Mínima,4.9,3.1,3.1,4.9,"4,9"
2024-01-27,Máxima,18.2,12.5,12.5,18.2,"18,2"
2024-01-28,Media,10.8,7.8,7.8,10.8,"10,8"
2024-01-28,Mínima,4.4,3.1,3.1,4.4,"4,4"
2024-01-28,Máxima,17.2,12.5,12.5,17.2,"17,2"
2024-01-29,Media,10.9,7.8,7.8,10.9,"10,9"
2024-01-29,Mínima,6.2,3.1,3.1,6.2,"6,2"
2024-01-29,Máxima,15.6,12.6,12.6,15.6,"15,6"
2024-01-30,Media,10.4,7.8,7.8,10.4,"10,4"
2024-01-30,Mínima,5.7,3.1,3.1,5.7,"5,7"
2024-01-30,Máxima,15.2,12.6,12.6,15.2,"15,2"
2024-01-31,Media,10,7.9,7.9,10,10
2024-01-31,Mínima,4.7,3.1,3.1,4.7,"4,7"
2024-01-31,Máxima,15.4,12.7,12.7,15.4,"15,4"
2024-02-01,Media,9.8,7.9,7.9,9.8,"9,8"
2024-02-01,Mínima,3.4,3.1,3.1,3.4,"3,4"
2024-02-01,Máxima,16.3,12.7,12.7,16.3,"16,3"
2024-02-02,Media,10.1,7.9,7.9,10.1,"10,1"
2024-02-02,Mínima,3.7,3.1,3.1,3.7,"3,7"
2024-02-02,Máxima,16.5,12.8,12.8,16.5,"16,5"
2024-02-03,Media,10.1,8,8,10.1,"10,1"
2024-02-03,Mínima,3.5,3.1,3.1,3.5,"3,5"
2024-02-03,Máxima,16.7,12.8,12.8,16.7,"16,7"
2024-02-04,Media,10,8,8,10,10
2024-02-04,Mínima,2.8,3.2,2.8,3.2,"2,8"
2024-02-04,Máxima,17.1,12.9,12.9,17.1,"17,1"
2024-02-05,Media,9.6,8,8,9.6,"9,6"
2024-02-05,Mínima,2.7,3.2,2.7,3.2,"2,7"
2024-02-05,Máxima,16.5,12.9,12.9,16.5,"16,5"
2024-02-06,Media,10.7,8.1,8.1,10.7,"10,7"
2024-02-06,Mínima,5,3.2,3.2,5,5
2024-02-06,Máxima,16.4,13,13,16.4,"16,4"
2024-02-07,Media,10.5,8.1,8.1,10.5,"10,5"
2024-02-07,Mínima,5.4,3.2,3.2,5.4,"5,4"
2024-02-07,Máxima,15.6,13,13,15.6,"15,6"
2024-02-08,Media,11.6,8.2,8.2,11.6,"11,6"
2024-02-08,Mínima,7.7,3.3,3.3,7.7,"7,7"
2024-02-08,Máxima,15.5,13.1,13.1,15.5,"15,5"
2024-02-09,Media,11.6,8.2,8.2,11.6,"11,6"
2024-02-09,Mínima,9.2,3.3,3.3,9.2,"9,2"
2024-02-09,Máxima,14,13.2,13.2,14,14
2024-02-10,Media,9.3,8.3,8.3,9.3,"9,3"
2024-02-10,Mínima,5.7,3.3,3.3,5.7,"5,7"
2024-02-10,Máxima,12.9,13.3,12.9,13.3,"12,9"
2024-02-11,Media,8.3,8.3,8.3,8.3,"8,3"
2024-02-11,Mínima,4.5,3.3,3.3,4.5,"4,5"
2024-02-11,Máxima,12,13.3,12,13.3,12
2024-02-12,Media,12.5,8.4,8.4,12.5,"12,5"
2024-02-12,Mínima,7.2,3.4,3.4,7.2,"7,2"
2024-02-12,Máxima,17.8,13.4,13.4,17.8,"17,8"
2024-02-13,Media,13.6,8.5,8.5,13.6,"13,6"
2024-02-13,Mínima,8,3.4,3.4,8,8
2024-02-13,Máxima,19.1,13.5,13.5,19.1,"19,1"
2024-02-14,Media,14,8.5,8.5,14,14
2024-02-14,Mínima,8.4,3.5,3.5,8.4,"8,4"
2024-02-14,Máxima,19.6,13.6,13.6,19.6,"19,6"
2024-02-15,Media,13.8,8.6,8.6,13.8,"13,8"
2024-02-15,Mínima,9.3,3.5,3.5,9.3,"9,3"
2024-02-15,Máxima,18.2,13.7,13.7,18.2,"18,2"
2024-02-16,Media,11.8,8.7,8.7,11.8,"11,8"
2024-02-16,Mínima,7.7,3.6,3.6,7.7,"7,7"
2024-02-16,Máxima,15.9,13.7,13.7,15.9,"15,9"
2024-02-17,Media,11,8.7,8.7,11,11
2024-02-17,Mínima,4.9,3.6,3.6,4.9,"4,9"
2024-02-17,Máxima,17.2,13.8,13.8,17.2,"17,2"
2024-02-18,Media,11.4,8.8,8.8,11.4,"11,4"
2024-02-18,Mínima,4.2,3.7,3.7,4.2,"4,2"
2024-02-18,Máxima,18.6,13.9,13.9,18.6,"18,6"
2024-02-19,Media,12.6,8.9,8.9,12.6,"12,6"
2024-02-19,Mínima,6.1,3.7,3.7,6.1,"6,1"
2024-02-19,Máxima,19,14,14,19,19
2024-02-20,Media,12.4,8.9,8.9,12.4,"12,4"
2024-02-20,Mínima,4.7,3.8,3.8,4.7,"4,7"
2024-02-20,Máxima,20.1,14.1,14.1,20.1,"20,1"
2024-02-21,Media,11.3,9,9,11.3,"11,3"
2024-02-21,Mínima,4.4,3.8,3.8,4.4,"4,4"
2024-02-21,Máxima,18.2,14.2,14.2,18.2,"18,2"
2024-02-22,Media,12.4,9.1,9.1,12.4,"12,4"
2024-02-22,Mínima,7.2,3.9,3.9,7.2,"7,2"
2024-02-22,Máxima,17.6,14.3,14.3,17.6,"17,6"
2024-02-23,Media,8.9,9.2,8.9,9.2,"8,9"
2024-02-23,Mínima,5,3.9,3.9,5,5
2024-02-23,Máxima,12.9,14.4,12.9,14.4,"12,9"
2024-02-24,Media,8.7,9.3,8.7,9.3,"8,7"
2024-02-24,Mínima,4.7,4,4,4.7,"4,7"
2024-02-24,Máxima,12.8,14.5,12.8,14.5,"12,8"
2024-02-25,Media,10.5,9.3,9.3,10.5,"10,5"
2024-02-25,Mínima,6.5,4.1,4.1,6.5,"6,5"
2024-02-25,Máxima,14.6,14.6,14.6,14.6,"14,6"
2024-02-26,Media,9.6,9.4,9.4,9.6,"9,6"
2024-02-26,Mínima,6,4.1,4.1,6,6
2024-02-26,Máxima,13.2,14.7,13.2,14.7,"13,2"
2024-02-27,Media,8.9,9.5,8.9,9.5,"8,9"
2024-02-27,Mínima,4.6,4.2,4.2,4.6,"4,6"
2024-02-27,Máxima,13.1,14.8,13.1,14.8,"13,1"
2024-02-28,Media,9.4,9.6,9.4,9.6,"9,4"
2024-02-28,Mínima,3.7,4.3,3.7,4.3,"3,7"
2024-02-28,Máxima,15.2,14.9,14.9,15.2,"15,2"
2024-02-29,Media,9.5,9.7,9.5,9.7,"9,5"
2024-02-29,Mínima,3.2,4.3,3.2,4.3,"3,2"
2024-02-29,Máxima,15.9,15,15,15.9,"15,9"
2024-03-01,Media,8.8,9.8,8.8,9.8,"8,8"
2024-03-01,Mínima,3.3,4.4,3.3,4.4,"3,3"
2024-03-01,Máxima,14.4,15.1,14.4,15.1,"14,4"
2024-03-02,Media,8.2,9.9,8.2,9.9,"8,2"
2024-03-02,Mínima,3.5,4.5,3.5,4.5,"3,5"
2024-03-02,Máxima,12.9,15.2,12.9,15.2,"12,9"
2024-03-03,Media,7.7,10,7.7,10,"7,7"
2024-03-03,Mínima,3.3,4.6,3.3,4.6,"3,3"
2024-03-03,Máxima,12.1,15.4,12.1,15.4,"12,1"
2024-03-04,Media,9.9,10,9.9,10,"9,9"
2024-03-04,Mínima,4.9,4.6,4.6,4.9,"4,9"
2024-03-04,Máxima,15,15.5,15,15.5,15
2024-03-05,Media,9.4,10.1,9.4,10.1,"9,4"
2024-03-05,Mínima,3.6,4.7,3.6,4.7,"3,6"
2024-03-05,Máxima,15.3,15.6,15.3,15.6,"15,3"
2024-03-06,Media,9.1,10.2,9.1,10.2,"9,1"
2024-03-06,Mínima,1.6,4.8,1.6,4.8,"1,6"
2024-03-06,Máxima,16.6,15.7,15.7,16.6,"16,6"
2024-03-07,Media,10.1,10.3,10.1,10.3,"10,1"
2024-03-07,Mínima,5.2,4.9,4.9,5.2,"5,2"
2024-03-07,Máxima,15,15.8,15,15.8,15
2024-03-08,Media,9.2,10.4,9.2,10.4,"9,2"
2024-03-08,Mínima,5.3,4.9,4.9,5.3,"5,3"
2024-03-08,Máxima,13.2,15.9,13.2,15.9,"13,2"
2024-03-09,Media,8.3,10.5,8.3,10.5,"8,3"
2024-03-09,Mínima,5.1,5,5,5.1,"5,1"
2024-03-09,Máxima,11.5,16,11.5,16,"11,5"
2024-03-10,Media,9.7,10.6,9.7,10.6,"9,7"
2024-03-10,Mínima,5.2,5.1,5.1,5.2,"5,2"
2024-03-10,Máxima,14.2,16.1,14.2,16.1,"14,2"
2024-03-11,Media,10.4,10.7,10.4,10.7,"10,4"
2024-03-11,Mínima,5.3,5.2,5.2,5.3,"5,3"
2024-03-11,Máxima,15.4,16.2,15.4,16.2,"15,4"
2024-03-12,Media,10.9,10.8,10.8,10.9,"10,9"
2024-03-12,Mínima,3.9,5.2,3.9,5.2,"3,9"
2024-03-12,Máxima,17.9,16.3,16.3,17.9,"17,9"
2024-03-13,Media,12.4,10.9,10.9,12.4,"12,4"
2024-03-13,Mínima,4.4,5.3,4.4,5.3,"4,4"
2024-03-13,Máxima,20.3,16.4,16.4,20.3,"20,3"
2024-03-14,Media,12.8,10.9,10.9,12.8,"12,8"
2024-03-14,Mínima,6.4,5.4,5.4,6.4,"6,4"
2024-03-14,Máxima,19.3,16.5,16.5,19.3,"19,3"
2024-03-15,Media,14.2,11,11,14.2,"14,2"
2024-03-15,Mínima,8,5.5,5.5,8,8
2024-03-15,Máxima,20.3,16.6,16.6,20.3,"20,3"
2024-03-16,Media,14.8,11.1,11.1,14.8,"14,8"
2024-03-16,Mínima,7.6,5.5,5.5,7.6,"7,6"
2024-03-16,Máxima,21.9,16.7,16.7,21.9,"21,9"
2024-03-17,Media,16.2,11.2,11.2,16.2,"16,2"
2024-03-17,Mínima,9.4,5.6,5.6,9.4,"9,4"
2024-03-17,Máxima,22.9,16.8,16.8,22.9,"22,9"
2024-03-18,Media,16.1,11.3,11.3,16.1,"16,1"
2024-03-18,Mínima,9.1,5.7,5.7,9.1,"9,1"
2024-03-18,Máxima,23.1,16.9,16.9,23.1,"23,1"
2024-03-19,Media,16.8,11.4,11.4,16.8,"16,8"
2024-03-19,Mínima,10,5.8,5.8,10,10
2024-03-19,Máxima,23.6,17,17,23.6,"23,6"
2024-03-20,Media,16,11.5,11.5,16,16
2024-03-20,Mínima,10.4,5.8,5.8,10.4,"10,4"
2024-03-20,Máxima,21.5,17.1,17.1,21.5,"21,5"
2024-03-21,Media,16.8,11.5,11.5,16.8,"16,8"
2024-03-21,Mínima,10.9,5.9,5.9,10.9,"10,9"
2024-03-21,Máxima,22.7,17.2,17.2,22.7,"22,7"
2024-03-22,Media,18.5,11.6,11.6,18.5,"18,5"
2024-03-22,Mínima,11.3,6,6,11.3,"11,3"
2024-03-22,Máxima,25.8,17.3,17.3,25.8,"25,8"
2024-03-23,Media,16.9,11.7,11.7,16.9,"16,9"
2024-03-23,Mínima,11.3,6.1,6.1,11.3,"11,3"
2024-03-23,Máxima,22.5,17.3,17.3,22.5,"22,5"
2024-03-24,Media,14.5,11.8,11.8,14.5,"14,5"
2024-03-24,Mínima,8.7,6.1,6.1,8.7,"8,7"
2024-03-24,Máxima,20.4,17.4,17.4,20.4,"20,4"
2024-03-25,Media,11.5,11.9,11.5,11.9,"11,5"
2024-03-25,Mínima,8,6.2,6.2,8,8
2024-03-25,Máxima,15.1,17.5,15.1,17.5,"15,1"
2024-03-26,Media,8.5,11.9,8.5,11.9,"8,5"
2024-03-26,Mínima,4.5,6.3,4.5,6.3,"4,5"
2024-03-26,Máxima,12.6,17.6,12.6,17.6,"12,6"
2024-03-27,Media,10.8,12,10.8,12,"10,8"
2024-03-27,Mínima,5.7,6.4,5.7,6.4,"5,7"
2024-03-27,Máxima,15.9,17.7,15.9,17.7,"15,9"
2024-03-28,Media,13,12.1,12.1,13,13
2024-03-28,Mínima,8.7,6.4,6.4,8.7,"8,7"
2024-03-28,Máxima,17.2,17.7,17.2,17.7,"17,2"
2024-03-29,Media,11.4,12.2,11.4,12.2,"11,4"
2024-03-29,Mínima,7,6.5,6.5,7,7
2024-03-29,Máxima,15.7,17.8,15.7,17.8,"15,7"
2024-03-30,Media,9.9,12.2,9.9,12.2,"9,9"
2024-03-30,Mínima,5.8,6.6,5.8,6.6,"5,8"
2024-03-30,Máxima,13.9,17.9,13.9,17.9,"13,9"
2024-03-31,Media,9.6,12.3,9.6,12.3,"9,6"
2024-03-31,Mínima,6,6.6,6,6.6,6
2024-03-31,Máxima,13.1,18,13.1,18,"13,1"
2024-04-01,Media,10.5,12.4,10.5,12.4,"10,5"
2024-04-01,Mínima,5.3,6.7,5.3,6.7,"5,3"
2024-04-01,Máxima,15.7,18,15.7,18,"15,7"
2024-04-02,Media,11.2,12.4,11.2,12.4,"11,2"
2024-04-02,Mínima,5.7,6.8,5.7,6.8,"5,7"
2024-04-02,Máxima,16.8,18.1,16.8,18.1,"16,8"
2024-04-03,Media,14.6,12.5,12.5,14.6,"14,6"
2024-04-03,Mínima,8.8,6.8,6.8,8.8,"8,8"
2024-04-03,Máxima,20.4,18.2,18.2,20.4,"20,4"
2024-04-04,Media,15.2,12.6,12.6,15.2,"15,2"
2024-04-04,Mínima,7.8,6.9,6.9,7.8,"7,8"
2024-04-04,Máxima,22.5,18.2,18.2,22.5,"22,5"
2024-04-05,Media,17.6,12.6,12.6,17.6,"17,6"
2024-04-05,Mínima,10,7,7,10,10
2024-04-05,Máxima,25.2,18.3,18.3,25.2,"25,2"
2024-04-06,Media,18.2,12.7,12.7,18.2,"18,2"
2024-04-06,Mínima,12.3,7.1,7.1,12.3,"12,3"
2024-04-06,Máxima,24.2,18.4,18.4,24.2,"24,2"
2024-04-07,Media,17.7,12.8,12.8,17.7,"17,7"
2024-04-07,Mínima,12.9,7.1,7.1,12.9,"12,9"
2024-04-07,Máxima,22.4,18.4,18.4,22.4,"22,4"
2024-04-08,Media,14.6,12.9,12.9,14.6,"14,6"
2024-04-08,Mínima,8.7,7.2,7.2,8.7,"8,7"
2024-04-08,Máxima,20.4,18.5,18.5,20.4,"20,4"
2024-04-09,Media,11.8,12.9,11.8,12.9,"11,8"
2024-04-09,Mínima,5.8,7.3,5.8,7.3,"5,8"
2024-04-09,Máxima,17.8,18.6,17.8,18.6,"17,8"
2024-04-10,Media,13.1,13,13,13.1,"13,1"
2024-04-10,Mínima,5.5,7.3,5.5,7.3,"5,5"
2024-04-10,Máxima,20.7,18.6,18.6,20.7,"20,7"
2024-04-11,Media,16.4,13.1,13.1,16.4,"16,4"
2024-04-11,Mínima,8.7,7.4,7.4,8.7,"8,7"
2024-04-11,Máxima,24.2,18.7,18.7,24.2,"24,2"
2024-04-12,Media,17.3,13.1,13.1,17.3,"17,3"
2024-04-12,Mínima,8.7,7.5,7.5,8.7,"8,7"
2024-04-12,Máxima,25.9,18.8,18.8,25.9,"25,9"
2024-04-13,Media,18.5,13.2,13.2,18.5,"18,5"
2024-04-13,Mínima,9.5,7.6,7.6,9.5,"9,5"
2024-04-13,Máxima,27.6,18.9,18.9,27.6,"27,6"
2024-04-14,Media,18.9,13.3,13.3,18.9,"18,9"
2024-04-14,Mínima,10.3,7.6,7.6,10.3,"10,3"
2024-04-14,Máxima,27.4,18.9,18.9,27.4,"27,4"
2024-04-15,Media,18.1,13.4,13.4,18.1,"18,1"
2024-04-15,Mínima,10.8,7.7,7.7,10.8,"10,8"
2024-04-15,Máxima,25.4,19,19,25.4,"25,4"
2024-04-16,Media,16.9,13.4,13.4,16.9,"16,9"
2024-04-16,Mínima,10.3,7.8,7.8,10.3,"10,3"
2024-04-16,Máxima,23.4,19.1,19.1,23.4,"23,4"
2024-04-17,Media,15.5,13.5,13.5,15.5,"15,5"
2024-04-17,Mínima,9.4,7.9,7.9,9.4,"9,4"
2024-04-17,Máxima,21.6,19.1,19.1,21.6,"21,6"
2024-04-18,Media,14.7,13.6,13.6,14.7,"14,7"
2024-04-18,Mínima,8.2,8,8,8.2,"8,2"
2024-04-18,Máxima,21.1,19.2,19.2,21.1,"21,1"
2024-04-19,Media,14.9,13.7,13.7,14.9,"14,9"
2024-04-19,Mínima,7.1,8,7.1,8,"7,1"
2024-04-19,Máxima,22.6,19.3,19.3,22.6,"22,6"
2024-04-20,Media,15.7,13.7,13.7,15.7,"15,7"
2024-04-20,Mínima,8.6,8.1,8.1,8.6,"8,6"
2024-04-20,Máxima,22.9,19.4,19.4,22.9,"22,9"
2024-04-21,Media,15,13.8,13.8,15,15
2024-04-21,Mínima,7.8,8.2,7.8,8.2,"7,8"
2024-04-21,Máxima,22.2,19.5,19.5,22.2,"22,2"
2024-04-22,Media,13.2,13.9,13.2,13.9,"13,2"
2024-04-22,Mínima,7.2,8.3,7.2,8.3,"7,2"
2024-04-22,Máxima,19.2,19.5,19.2,19.5,"19,2"
2024-04-23,Media,11.2,14,11.2,14,"11,2"
2024-04-23,Mínima,4.8,8.4,4.8,8.4,"4,8"
2024-04-23,Máxima,17.6,19.6,17.6,19.6,"17,6"
2024-04-24,Media,12,14.1,12,14.1,12
2024-04-24,Mínima,4.8,8.5,4.8,8.5,"4,8"
2024-04-24,Máxima,19.2,19.7,19.2,19.7,"19,2"
2024-04-25,Media,13.2,14.2,13.2,14.2,"13,2"
2024-04-25,Mínima,7.3,8.5,7.3,8.5,"7,3"
2024-04-25,Máxima,19.2,19.8,19.2,19.8,"19,2"
2024-04-26,Media,12.9,14.3,12.9,14.3,"12,9"
2024-04-26,Mínima,7.5,8.6,7.5,8.6,"7,5"
2024-04-26,Máxima,18.3,19.9,18.3,19.9,"18,3"
2024-04-27,Media,13,14.4,13,14.4,13
2024-04-27,Mínima,8.7,8.7,8.7,8.7,"8,7"
2024-04-27,Máxima,17.3,20,17.3,20,"17,3"
2024-04-28,Media,12.2,14.5,12.2,14.5,"12,2"
2024-04-28,Mínima,6.4,8.8,6.4,8.8,"6,4"
2024-04-28,Máxima,18.1,20.1,18.1,20.1,"18,1"
2024-04-29,Media,12.5,14.6,12.5,14.6,"12,5"
2024-04-29,Mínima,7.1,8.9,7.1,8.9,"7,1"
2024-04-29,Máxima,17.9,20.2,17.9,20.2,"17,9"
2024-04-30,Media,13.3,14.7,13.3,14.7,"13,3"
2024-04-30,Mínima,7.2,9,7.2,9,"7,2"
2024-04-30,Máxima,19.5,20.3,19.5,20.3,"19,5"
2024-05-01,Media,11.6,14.8,11.6,14.8,"11,6"
2024-05-01,Mínima,7,9.1,7,9.1,7
2024-05-01,Máxima,16.3,20.4,16.3,20.4,"16,3"
2024-05-02,Media,11.4,14.9,11.4,14.9,"11,4"
2024-05-02,Mínima,5.2,9.2,5.2,9.2,"5,2"
2024-05-02,Máxima,17.6,20.5,17.6,20.5,"17,6"
2024-05-03,Media,13.1,15,13.1,15,"13,1"
2024-05-03,Mínima,5.9,9.3,5.9,9.3,"5,9"
2024-05-03,Máxima,20.3,20.7,20.3,20.7,"20,3"
2024-05-04,Media,16.9,15.1,15.1,16.9,"16,9"
2024-05-04,Mínima,9.5,9.4,9.4,9.5,"9,5"
2024-05-04,Máxima,24.3,20.8,20.8,24.3,"24,3"
2024-05-05,Media,17.1,15.2,15.2,17.1,"17,1"
2024-05-05,Mínima,11.2,9.5,9.5,11.2,"11,2"
2024-05-05,Máxima,22.9,20.9,20.9,22.9,"22,9"
2024-05-06,Media,16.3,15.3,15.3,16.3,"16,3"
2024-05-06,Mínima,11,9.6,9.6,11,11
2024-05-06,Máxima,21.6,21,21,21.6,"21,6"
2024-05-07,Media,15.8,15.4,15.4,15.8,"15,8"
2024-05-07,Mínima,8.9,9.7,8.9,9.7,"8,9"
2024-05-07,Máxima,22.6,21.2,21.2,22.6,"22,6"
2024-05-08,Media,17.6,15.6,15.6,17.6,"17,6"
2024-05-08,Mínima,10,9.9,9.9,10,10
2024-05-08,Máxima,25.3,21.3,21.3,25.3,"25,3"
2024-05-09,Media,18.4,15.7,15.7,18.4,"18,4"
2024-05-09,Mínima,9.6,10,9.6,10,"9,6"
2024-05-09,Máxima,27.2,21.4,21.4,27.2,"27,2"
2024-05-10,Media,19.9,15.8,15.8,19.9,"19,9"
2024-05-10,Mínima,11.2,10.1,10.1,11.2,"11,2"
2024-05-10,Máxima,28.5,21.6,21.6,28.5,"28,5"
2024-05-11,Media,19.7,16,16,19.7,"19,7"
2024-05-11,Mínima,12.1,10.2,10.2,12.1,"12,1"
2024-05-11,Máxima,27.3,21.7,21.7,27.3,"27,3"
2024-05-12,Media,19.4,16.1,16.1,19.4,"19,4"
2024-05-12,Mínima,12.2,10.3,10.3,12.2,"12,2"
2024-05-12,Máxima,26.6,21.8,21.8,26.6,"26,6"
2024-05-13,Media,19.2,16.2,16.2,19.2,"19,2"
2024-05-13,Mínima,12.4,10.4,10.4,12.4,"12,4"
2024-05-13,Máxima,26,22,22,26,26
2024-05-14,Media,15.9,16.3,15.9,16.3,"15,9"
2024-05-14,Mínima,11,10.6,10.6,11,11
2024-05-14,Máxima,20.8,22.1,20.8,22.1,"20,8"
2024-05-15,Media,14.4,16.5,14.4,16.5,"14,4"
2024-05-15,Mínima,8.9,10.7,8.9,10.7,"8,9"
2024-05-15,Máxima,19.9,22.3,19.9,22.3,"19,9"
2024-05-16,Media,14.3,16.6,14.3,16.6,"14,3"
2024-05-16,Mínima,8.8,10.8,8.8,10.8,"8,8"
2024-05-16,Máxima,19.9,22.4,19.9,22.4,"19,9"
2024-05-17,Media,15.9,16.8,15.9,16.8,"15,9"
2024-05-17,Mínima,10.5,10.9,10.5,10.9,"10,5"
2024-05-17,Máxima,21.3,22.6,21.3,22.6,"21,3"
2024-05-18,Media,15.9,16.9,15.9,16.9,"15,9"
2024-05-18,Mínima,9.4,11.1,9.4,11.1,"9,4"
2024-05-18,Máxima,22.3,22.7,22.3,22.7,"22,3"
2024-05-19,Media,15.9,17,15.9,17,"15,9"
2024-05-19,Mínima,10.4,11.2,10.4,11.2,"10,4"
2024-05-19,Máxima,21.4,22.9,21.4,22.9,"21,4"
2024-05-20,Media,15.9,17.2,15.9,17.2,"15,9"
2024-05-20,Mínima,9.9,11.3,9.9,11.3,"9,9"
2024-05-20,Máxima,22,23.1,22,23.1,22
2024-05-21,Media,16.2,17.3,16.2,17.3,"16,2"
2024-05-21,Mínima,10.5,11.4,10.5,11.4,"10,5"
2024-05-21,Máxima,21.9,23.2,21.9,23.2,"21,9"
2024-05-22,Media,16.5,17.5,16.5,17.5,"16,5"
2024-05-22,Mínima,10.2,11.6,10.2,11.6,"10,2"
2024-05-22,Máxima,22.9,23.4,22.9,23.4,"22,9"
2024-05-23,Media,17.1,17.6,17.1,17.6,"17,1"
2024-05-23,Mínima,9.9,11.7,9.9,11.7,"9,9"
2024-05-23,Máxima,24.2,23.5,23.5,24.2,"24,2"
2024-05-24,Media,18.8,17.8,17.8,18.8,"18,8"
2024-05-24,Mínima,11,11.8,11,11.8,11
2024-05-24,Máxima,26.5,23.7,23.7,26.5,"26,5"
2024-05-25,Media,19.8,17.9,17.9,19.8,"19,8"
2024-05-25,Mínima,11.9,11.9,11.9,11.9,"11,9"
2024-05-25,Máxima,27.8,23.9,23.9,27.8,"27,8"
2024-05-26,Media,20.3,18.1,18.1,20.3,"20,3"
2024-05-26,Mínima,12.9,12.1,12.1,12.9,"12,9"
2024-05-26,Máxima,27.8,24,24,27.8,"27,8"
2024-05-27,Media,20,18.2,18.2,20,20
2024-05-27,Mínima,13.1,12.2,12.2,13.1,"13,1"
2024-05-27,Máxima,27,24.2,24.2,27,27
2024-05-28,Media,21.1,18.3,18.3,21.1,"21,1"
2024-05-28,Mínima,12.6,12.3,12.3,12.6,"12,6"
2024-05-28,Máxima,29.5,24.4,24.4,29.5,"29,5"
2024-05-29,Media,22.8,18.5,18.5,22.8,"22,8"
2024-05-29,Mínima,14.3,12.5,12.5,14.3,"14,3"
2024-05-29,Máxima,31.2,24.5,24.5,31.2,"31,2"
2024-05-30,Media,22.6,18.6,18.6,22.6,"22,6"
2024-05-30,Mínima,15,12.6,12.6,15,15
2024-05-30,Máxima,30.2,24.7,24.7,30.2,"30,2"
2024-05-31,Media,21.2,18.8,18.8,21.2,"21,2"
2024-05-31,Mínima,14.6,12.7,12.7,14.6,"14,6"
2024-05-31,Máxima,27.8,24.9,24.9,27.8,"27,8"
2024-06-01,Media,20,18.9,18.9,20,20
2024-06-01,Mínima,13.5,12.8,12.8,13.5,"13,5"
2024-06-01,Máxima,26.5,25,25,26.5,"26,5"
2024-06-02,Media,20.1,19.1,19.1,20.1,"20,1"
2024-06-02,Mínima,13.3,13,13,13.3,"13,3"
2024-06-02,Máxima,26.9,25.2,25.2,26.9,"26,9"
2024-06-03,Media,21.2,19.2,19.2,21.2,"21,2"
2024-06-03,Mínima,14.1,13.1,13.1,14.1,"14,1"
2024-06-03,Máxima,28.3,25.4,25.4,28.3,"28,3"
2024-06-04,Media,22,19.4,19.4,22,22
2024-06-04,Mínima,14.3,13.2,13.2,14.3,"14,3"
2024-06-04,Máxima,29.6,25.5,25.5,29.6,"29,6"
2024-06-05,Media,23.4,19.5,19.5,23.4,"23,4"
2024-06-05,Mínima,15.4,13.4,13.4,15.4,"15,4"
2024-06-05,Máxima,31.5,25.7,25.7,31.5,"31,5"
2024-06-06,Media,25.1,19.7,19.7,25.1,"25,1"
2024-06-06,Mínima,17.2,13.5,13.5,17.2,"17,2"
2024-06-06,Máxima,33,25.8,25.8,33,33
2024-06-07,Media,25.1,19.8,19.8,25.1,"25,1"
2024-06-07,Mínima,18.6,13.6,13.6,18.6,"18,6"
2024-06-07,Máxima,31.6,26,26,31.6,"31,6"
2024-06-08,Media,22,20,20,22,22
2024-06-08,Mínima,16.7,13.7,13.7,16.7,"16,7"
2024-06-08,Máxima,27.2,26.2,26.2,27.2,"27,2"
2024-06-09,Media,19.5,20.1,19.5,20.1,"19,5"
2024-06-09,Mínima,14.8,13.9,13.9,14.8,"14,8"
2024-06-09,Máxima,24.1,26.3,24.1,26.3,"24,1"
2024-06-10,Media,19,20.2,19,20.2,19
2024-06-10,Mínima,14.4,14,14,14.4,"14,4"
2024-06-10,Máxima,23.5,26.5,23.5,26.5,"23,5"
2024-06-11,Media,18.7,20.4,18.7,20.4,"18,7"
2024-06-11,Mínima,13.1,14.1,13.1,14.1,"13,1"
2024-06-11,Máxima,24.3,26.6,24.3,26.6,"24,3"
2024-06-12,Media,18.7,20.5,18.7,20.5,"18,7"
2024-06-12,Mínima,13,14.2,13,14.2,13
2024-06-12,Máxima,24.4,26.8,24.4,26.8,"24,4"
2024-06-13,Media,19.4,20.7,19.4,20.7,"19,4"
2024-06-13,Mínima,11,14.4,11,14.4,11
2024-06-13,Máxima,27.9,27,27,27.9,"27,9"
2024-06-14,Media,22.3,20.8,20.8,22.3,"22,3"
2024-06-14,Mínima,14.4,14.5,14.4,14.5,"14,4"
2024-06-14,Máxima,30.2,27.1,27.1,30.2,"30,2"
2024-06-15,Media,21.2,20.9,20.9,21.2,"21,2"
2024-06-15,Mínima,14.6,14.6,14.6,14.6,"14,6"
2024-06-15,Máxima,27.8,27.3,27.3,27.8,"27,8"
2024-06-16,Media,21.2,21.1,21.1,21.2,"21,2"
2024-06-16,Mínima,13.9,14.7,13.9,14.7,"13,9"
2024-06-16,Máxima,28.6,27.4,27.4,28.6,"28,6"
2024-06-17,Media,22.5,21.2,21.2,22.5,"22,5"
2024-06-17,Mínima,15.2,14.8,14.8,15.2,"15,2"
2024-06-17,Máxima,29.9,27.6,27.6,29.9,"29,9"
2024-06-18,Media,21.7,21.3,21.3,21.7,"21,7"
2024-06-18,Mínima,16,15,15,16,16
2024-06-18,Máxima,27.3,27.7,27.3,27.7,"27,3"
2024-06-19,Media,19.8,21.5,19.8,21.5,"19,8"
2024-06-19,Mínima,14.4,15.1,14.4,15.1,"14,4"
2024-06-19,Máxima,25.3,27.9,25.3,27.9,"25,3"
2024-06-20,Media,18.8,21.6,18.8,21.6,"18,8"
2024-06-20,Mínima,13.8,15.2,13.8,15.2,"13,8"
2024-06-20,Máxima,23.8,28,23.8,28,"23,8"
2024-06-21,Media,20.4,21.7,20.4,21.7,"20,4"
2024-06-21,Mínima,13.1,15.3,13.1,15.3,"13,1"
2024-06-21,Máxima,27.7,28.1,27.7,28.1,"27,7"
2024-06-22,Media,22,21.8,21.8,22,22
2024-06-22,Mínima,14.7,15.4,14.7,15.4,"14,7"
2024-06-22,Máxima,29.2,28.3,28.3,29.2,"29,2"
2024-06-23,Media,23.2,22,22,23.2,"23,2"
2024-06-23,Mínima,16.5,15.5,15.5,16.5,"16,5"
2024-06-23,Máxima,30,28.4,28.4,30,30
2024-06-24,Media,24.4,22.1,22.1,24.4,"24,4"
2024-06-24,Mínima,17.1,15.6,15.6,17.1,"17,1"
2024-06-24,Máxima,31.6,28.5,28.5,31.6,"31,6"
2024-06-25,Media,25,22.2,22.2,25,25
2024-06-25,Mínima,17.5,15.7,15.7,17.5,"17,5"
2024-06-25,Máxima,32.6,28.7,28.7,32.6,"32,6"
2024-06-26,Media,24.4,22.3,22.3,24.4,"24,4"
2024-06-26,Mínima,18.2,15.8,15.8,18.2,"18,2"
2024-06-26,Máxima,30.6,28.8,28.8,30.6,"30,6"
2024-06-27,Media,24,22.4,22.4,24,24
2024-06-27,Mínima,17.7,15.9,15.9,17.7,"17,7"
2024-06-27,Máxima,30.4,28.9,28.9,30.4,"30,4"
2024-06-28,Media,23,22.5,22.5,23,23
2024-06-28,Mínima,17.6,16,16,17.6,"17,6"
2024-06-28,Máxima,28.3,29,28.3,29,"28,3"
2024-06-29,Media,20.6,22.6,20.6,22.6,"20,6"
2024-06-29,Mínima,16.7,16.1,16.1,16.7,"16,7"
2024-06-29,Máxima,24.5,29.2,24.5,29.2,"24,5"
2024-06-30,Media,21.9,22.7,21.9,22.7,"21,9"
2024-06-30,Mínima,16.1,16.2,16.1,16.2,"16,1"
2024-06-30,Máxima,27.7,29.3,27.7,29.3,"27,7"
2024-07-01,Media,,22.9,,,
2024-07-01,Mínima,,16.3,,,
2024-07-01,Máxima,,29.4,,,
2024-07-02,Media,,23,,,
2024-07-02,Mínima,,16.4,,,
2024-07-02,Máxima,,29.5,,,
2024-07-03,Media,,23,,,
2024-07-03,Mínima,,16.5,,,
2024-07-03,Máxima,,29.6,,,
2024-07-04,Media,,23.1,,,
2024-07-04,Mínima,,16.6,,,
2024-07-04,Máxima,,29.7,,,
2024-07-05,Media,,23.2,,,
2024-07-05,Mínima,,16.7,,,
2024-07-05,Máxima,,29.8,,,
2024-07-06,Media,,23.3,,,
2024-07-06,Mínima,,16.7,,,
2024-07-06,Máxima,,29.9,,,
2024-07-07,Media,,23.4,,,
2024-07-07,Mínima,,16.8,,,
2024-07-07,Máxima,,30,,,
2024-07-08,Media,,23.5,,,
2024-07-08,Mínima,,16.9,,,
2024-07-08,Máxima,,30.1,,,
2024-07-09,Media,,23.6,,,
2024-07-09,Mínima,,17,,,
2024-07-09,Máxima,,30.2,,,
2024-07-10,Media,,23.6,,,
2024-07-10,Mínima,,17,,,
2024-07-10,Máxima,,30.3,,,
2024-07-11,Media,,23.7,,,
2024-07-11,Mínima,,17.1,,,
2024-07-11,Máxima,,30.3,,,
2024-07-12,Media,,23.8,,,
2024-07-12,Mínima,,17.2,,,
2024-07-12,Máxima,,30.4,,,
2024-07-13,Media,,23.8,,,
2024-07-13,Mínima,,17.2,,,
2024-07-13,Máxima,,30.5,,,
2024-07-14,Media,,23.9,,,
2024-07-14,Mínima,,17.3,,,
2024-07-14,Máxima,,30.5,,,
2024-07-15,Media,,24,,,
2024-07-15,Mínima,,17.3,,,
2024-07-15,Máxima,,30.6,,,
2024-07-16,Media,,24,,,
2024-07-16,Mínima,,17.4,,,
2024-07-16,Máxima,,30.7,,,
2024-07-17,Media,,24.1,,,
2024-07-17,Mínima,,17.4,,,
2024-07-17,Máxima,,30.7,,,
2024-07-18,Media,,24.1,,,
2024-07-18,Mínima,,17.5,,,
2024-07-18,Máxima,,30.8,,,
2024-07-19,Media,,24.1,,,
2024-07-19,Mínima,,17.5,,,
2024-07-19,Máxima,,30.8,,,
2024-07-20,Media,,24.2,,,
2024-07-20,Mínima,,17.5,,,
2024-07-20,Máxima,,30.8,,,
2024-07-21,Media,,24.2,,,
2024-07-21,Mínima,,17.6,,,
2024-07-21,Máxima,,30.9,,,
2024-07-22,Media,,24.2,,,
2024-07-22,Mínima,,17.6,,,
2024-07-22,Máxima,,30.9,,,
2024-07-23,Media,,24.3,,,
2024-07-23,Mínima,,17.6,,,
2024-07-23,Máxima,,30.9,,,
2024-07-24,Media,,24.3,,,
2024-07-24,Mínima,,17.6,,,
2024-07-24,Máxima,,31,,,
2024-07-25,Media,,24.3,,,
2024-07-25,Mínima,,17.6,,,
2024-07-25,Máxima,,31,,,
2024-07-26,Media,,24.3,,,
2024-07-26,Mínima,,17.6,,,
2024-07-26,Máxima,,31,,,
2024-07-27,Media,,24.3,,,
2024-07-27,Mínima,,17.7,,,
2024-07-27,Máxima,,31,,,
2024-07-28,Media,,24.3,,,
2024-07-28,Mínima,,17.7,,,
2024-07-28,Máxima,,31,,,
2024-07-29,Media,,24.3,,,
2024-07-29,Mínima,,17.7,,,
2024-07-29,Máxima,,31,,,
2024-07-30,Media,,24.3,,,
2024-07-30,Mínima,,17.7,,,
2024-07-30,Máxima,,31,,,
2024-07-31,Media,,24.3,,,
2024-07-31,Mínima,,17.7,,,
2024-07-31,Máxima,,31,,,
2024-08-01,Media,,24.3,,,
2024-08-01,Mínima,,17.6,,,
2024-08-01,Máxima,,30.9,,,
2024-08-02,Media,,24.3,,,
2024-08-02,Mínima,,17.6,,,
2024-08-02,Máxima,,30.9,,,
2024-08-03,Media,,24.3,,,
2024-08-03,Mínima,,17.6,,,
2024-08-03,Máxima,,30.9,,,
2024-08-04,Media,,24.2,,,
2024-08-04,Mínima,,17.6,,,
2024-08-04,Máxima,,30.9,,,
2024-08-05,Media,,24.2,,,
2024-08-05,Mínima,,17.6,,,
2024-08-05,Máxima,,30.8,,,
2024-08-06,Media,,24.2,,,
2024-08-06,Mínima,,17.5,,,
2024-08-06,Máxima,,30.8,,,
2024-08-07,Media,,24.1,,,
2024-08-07,Mínima,,17.5,,,
2024-08-07,Máxima,,30.8,,,
2024-08-08,Media,,24.1,,,
2024-08-08,Mínima,,17.5,,,
2024-08-08,Máxima,,30.7,,,
2024-08-09,Media,,24.1,,,
2024-08-09,Mínima,,17.5,,,
2024-08-09,Máxima,,30.7,,,
2024-08-10,Media,,24,,,
2024-08-10,Mínima,,17.4,,,
2024-08-10,Máxima,,30.6,,,
2024-08-11,Media,,24,,,
2024-08-11,Mínima,,17.4,,,
2024-08-11,Máxima,,30.6,,,
2024-08-12,Media,,23.9,,,
2024-08-12,Mínima,,17.3,,,
2024-08-12,Máxima,,30.5,,,
2024-08-13,Media,,23.9,,,
2024-08-13,Mínima,,17.3,,,
2024-08-13,Máxima,,30.4,,,
2024-08-14,Media,,23.8,,,
2024-08-14,Mínima,,17.2,,,
2024-08-14,Máxima,,30.4,,,
2024-08-15,Media,,23.7,,,
2024-08-15,Mínima,,17.2,,,
2024-08-15,Máxima,,30.3,,,
2024-08-16,Media,,23.7,,,
2024-08-16,Mínima,,17.1,,,
2024-08-16,Máxima,,30.2,,,
2024-08-17,Media,,23.6,,,
2024-08-17,Mínima,,17.1,,,
2024-08-17,Máxima,,30.1,,,
2024-08-18,Media,,23.5,,,
2024-08-18,Mínima,,17,,,
2024-08-18,Máxima,,30.1,,,
2024-08-19,Media,,23.5,,,
2024-08-19,Mínima,,17,,,
2024-08-19,Máxima,,30,,,
2024-08-20,Media,,23.4,,,
2024-08-20,Mínima,,16.9,,,
2024-08-20,Máxima,,29.9,,,
2024-08-21,Media,,23.3,,,
2024-08-21,Mínima,,16.8,,,
2024-08-21,Máxima,,29.8,,,
2024-08-22,Media,,23.2,,,
2024-08-22,Mínima,,16.8,,,
2024-08-22,Máxima,,29.7,,,
2024-08-23,Media,,23.2,,,
2024-08-23,Mínima,,16.7,,,
2024-08-23,Máxima,,29.6,,,
2024-08-24,Media,,23.1,,,
2024-08-24,Mínima,,16.6,,,
2024-08-24,Máxima,,29.5,,,
2024-08-25,Media,,23,,,
2024-08-25,Mínima,,16.6,,,
2024-08-25,Máxima,,29.4,,,
2024-08-26,Media,,22.9,,,
2024-08-26,Mínima,,16.5,,,
2024-08-26,Máxima,,29.3,,,
2024-08-27,Media,,22.8,,,
2024-08-27,Mínima,,16.4,,,
2024-08-27,Máxima,,29.2,,,
2024-08-28,Media,,22.7,,,
2024-08-28,Mínima,,16.3,,,
2024-08-28,Máxima,,29.1,,,
2024-08-29,Media,,22.6,,,
2024-08-29,Mínima,,16.2,,,
2024-08-29,Máxima,,29,,,
2024-08-30,Media,,22.5,,,
2024-08-30,Mínima,,16.2,,,
2024-08-30,Máxima,,28.8,,,
2024-08-31,Media,,22.4,,,
2024-08-31,Mínima,,16.1,,,
2024-08-31,Máxima,,28.7,,,
2024-09-01,Media,,22.3,,,
2024-09-01,Mínima,,16,,,
2024-09-01,Máxima,,28.6,,,
2024-09-02,Media,,22.2,,,
2024-09-02,Mínima,,15.9,,,
2024-09-02,Máxima,,28.5,,,
2024-09-03,Media,,22.1,,,
2024-09-03,Mínima,,15.8,,,
2024-09-03,Máxima,,28.3,,,
2024-09-04,Media,,22,,,
2024-09-04,Mínima,,15.7,,,
2024-09-04,Máxima,,28.2,,,
2024-09-05,Media,,21.9,,,
2024-09-05,Mínima,,15.6,,,
2024-09-05,Máxima,,28.1,,,
2024-09-06,Media,,21.7,,,
2024-09-06,Mínima,,15.5,,,
2024-09-06,Máxima,,27.9,,,
2024-09-07,Media,,21.6,,,
2024-09-07,Mínima,,15.4,,,
2024-09-07,Máxima,,27.8,,,
2024-09-08,Media,,21.5,,,
2024-09-08,Mínima,,15.3,,,
2024-09-08,Máxima,,27.7,,,
2024-09-09,Media,,21.4,,,
2024-09-09,Mínima,,15.2,,,
2024-09-09,Máxima,,27.5,,,
2024-09-10,Media,,21.3,,,
2024-09-10,Mínima,,15.1,,,
2024-09-10,Máxima,,27.4,,,
2024-09-11,Media,,21.1,,,
2024-09-11,Mínima,,15,,,
2024-09-11,Máxima,,27.2,,,
2024-09-12,Media,,21,,,
2024-09-12,Mínima,,14.9,,,
2024-09-12,Máxima,,27.1,,,
2024-09-13,Media,,20.9,,,
2024-09-13,Mínima,,14.8,,,
2024-09-13,Máxima,,26.9,,,
2024-09-14,Media,,20.7,,,
2024-09-14,Mínima,,14.7,,,
2024-09-14,Máxima,,26.8,,,
2024-09-15,Media,,20.6,,,
2024-09-15,Mínima,,14.6,,,
2024-09-15,Máxima,,26.6,,,
2024-09-16,Media,,20.5,,,
2024-09-16,Mínima,,14.5,,,
2024-09-16,Máxima,,26.5,,,
2024-09-17,Media,,20.3,,,
2024-09-17,Mínima,,14.4,,,
2024-09-17,Máxima,,26.3,,,
2024-09-18,Media,,20.2,,,
2024-09-18,Mínima,,14.3,,,
2024-09-18,Máxima,,26.1,,,
2024-09-19,Media,,20.1,,,
2024-09-19,Mínima,,14.2,,,
2024-09-19,Máxima,,26,,,
2024-09-20,Media,,19.9,,,
2024-09-20,Mínima,,14,,,
2024-09-20,Máxima,,25.8,,,
2024-09-21,Media,,19.8,,,
2024-09-21,Mínima,,13.9,,,
2024-09-21,Máxima,,25.6,,,
2024-09-22,Media,,19.6,,,
2024-09-22,Mínima,,13.8,,,
2024-09-22,Máxima,,25.5,,,
2024-09-23,Media,,19.5,,,
2024-09-23,Mínima,,13.7,,,
2024-09-23,Máxima,,25.3,,,
2024-09-24,Media,,19.3,,,
2024-09-24,Mínima,,13.6,,,
2024-09-24,Máxima,,25.1,,,
2024-09-25,Media,,19.2,,,
2024-09-25,Mínima,,13.4,,,
2024-09-25,Máxima,,24.9,,,
2024-09-26,Media,,19,,,
2024-09-26,Mínima,,13.3,,,
2024-09-26,Máxima,,24.8,,,
2024-09-27,Media,,18.9,,,
2024-09-27,Mínima,,13.2,,,
2024-09-27,Máxima,,24.6,,,
2024-09-28,Media,,18.7,,,
2024-09-28,Mínima,,13.1,,,
2024-09-28,Máxima,,24.4,,,
2024-09-29,Media,,18.6,,,
2024-09-29,Mínima,,12.9,,,
2024-09-29,Máxima,,24.2,,,
2024-09-30,Media,,18.4,,,
2024-09-30,Mínima,,12.8,,,
2024-09-30,Máxima,,24,,,
2024-10-01,Media,,18.3,,,
2024-10-01,Mínima,,12.7,,,
2024-10-01,Máxima,,23.9,,,
2024-10-02,Media,,18.1,,,
2024-10-02,Mínima,,12.6,,,
2024-10-02,Máxima,,23.7,,,
2024-10-03,Media,,18,,,
2024-10-03,Mínima,,12.4,,,
2024-10-03,Máxima,,23.5,,,
2024-10-04,Media,,17.8,,,
2024-10-04,Mínima,,12.3,,,
2024-10-04,Máxima,,23.3,,,
2024-10-05,Media,,17.6,,,
2024-10-05,Mínima,,12.2,,,
2024-10-05,Máxima,,23.1,,,
2024-10-06,Media,,17.5,,,
2024-10-06,Mínima,,12,,,
2024-10-06,Máxima,,22.9,,,
2024-10-07,Media,,17.3,,,
2024-10-07,Mínima,,11.9,,,
2024-10-07,Máxima,,22.7,,,
2024-10-08,Media,,17.1,,,
2024-10-08,Mínima,,11.7,,,
2024-10-08,Máxima,,22.5,,,
2024-10-09,Media,,17,,,
2024-10-09,Mínima,,11.6,,,
2024-10-09,Máxima,,22.3,,,
2024-10-10,Media,,16.8,,,
2024-10-10,Mínima,,11.5,,,
2024-10-10,Máxima,,22.1,,,
2024-10-11,Media,,16.6,,,
2024-10-11,Mínima,,11.3,,,
2024-10-11,Máxima,,22,,,
2024-10-12,Media,,16.5,,,
2024-10-12,Mínima,,11.2,,,
2024-10-12,Máxima,,21.8,,,
2024-10-13,Media,,16.3,,,
2024-10-13,Mínima,,11,,,
2024-10-13,Máxima,,21.6,,,
2024-10-14,Media,,16.1,,,
2024-10-14,Mínima,,10.9,,,
2024-10-14,Máxima,,21.4,,,
2024-10-15,Media,,16,,,
2024-10-15,Mínima,,10.7,,,
2024-10-15,Máxima,,21.2,,,
2024-10-16,Media,,15.8,,,
2024-10-16,Mínima,,10.6,,,
2024-10-16,Máxima,,21,,,
2024-10-17,Media,,15.6,,,
2024-10-17,Mínima,,10.5,,,
2024-10-17,Máxima,,20.8,,,
2024-10-18,Media,,15.4,,,
2024-10-18,Mínima,,10.3,,,
2024-10-18,Máxima,,20.6,,,
2024-10-19,Media,,15.3,,,
2024-10-19,Mínima,,10.2,,,
2024-10-19,Máxima,,20.4,,,
2024-10-20,Media,,15.1,,,
2024-10-20,Mínima,,10,,,
2024-10-20,Máxima,,20.2,,,
2024-10-21,Media,,14.9,,,
2024-10-21,Mínima,,9.9,,,
2024-10-21,Máxima,,20,,,
2024-10-22,Media,,14.7,,,
2024-10-22,Mínima,,9.7,,,
2024-10-22,Máxima,,19.8,,,
2024-10-23,Media,,14.6,,,
2024-10-23,Mínima,,9.6,,,
2024-10-23,Máxima,,19.6,,,
2024-10-24,Media,,14.4,,,
2024-10-24,Mínima,,9.4,,,
2024-10-24,Máxima,,19.4,,,
2024-10-25,Media,,14.2,,,
2024-10-25,Mínima,,9.3,,,
2024-10-25,Máxima,,19.2,,,
2024-10-26,Media,,14.1,,,
2024-10-26,Mínima,,9.1,,,
2024-10-26,Máxima,,19,,,
2024-10-27,Media,,13.9,,,
2024-10-27,Mínima,,9,,,
2024-10-27,Máxima,,18.8,,,
2024-10-28,Media,,13.7,,,
2024-10-28,Mínima,,8.9,,,
2024-10-28,Máxima,,18.6,,,
2024-10-29,Media,,13.6,,,
2024-10-29,Mínima,,8.7,,,
2024-10-29,Máxima,,18.4,,,
2024-10-30,Media,,13.4,,,
2024-10-30,Mínima,,8.6,,,
2024-10-30,Máxima,,18.2,,,
2024-10-31,Media,,13.2,,,
2024-10-31,Mínima,,8.4,,,
2024-10-31,Máxima,,18,,,
2024-11-01,Media,,13.1,,,
2024-11-01,Mínima,,8.3,,,
2024-11-01,Máxima,,17.8,,,
2024-11-02,Media,,12.9,,,
2024-11-02,Mínima,,8.1,,,
2024-11-02,Máxima,,17.7,,,
2024-11-03,Media,,12.7,,,
2024-11-03,Mínima,,8,,,
2024-11-03,Máxima,,17.5,,,
2024-11-04,Media,,12.6,,,
2024-11-04,Mínima,,7.9,,,
2024-11-04,Máxima,,17.3,,,
2024-11-05,Media,,12.4,,,
2024-11-05,Mínima,,7.7,,,
2024-11-05,Máxima,,17.1,,,
2024-11-06,Media,,12.3,,,
2024-11-06,Mínima,,7.6,,,
2024-11-06,Máxima,,16.9,,,
2024-11-07,Media,,12.1,,,
2024-11-07,Mínima,,7.5,,,
2024-11-07,Máxima,,16.8,,,
2024-11-08,Media,,12,,,
2024-11-08,Mínima,,7.3,,,
2024-11-08,Máxima,,16.6,,,
2024-11-09,Media,,11.8,,,
2024-11-09,Mínima,,7.2,,,
2024-11-09,Máxima,,16.4,,,
2024-11-10,Media,,11.7,,,
2024-11-10,Mínima,,7.1,,,
2024-11-10,Máxima,,16.3,,,
2024-11-11,Media,,11.5,,,
2024-11-11,Mínima,,6.9,,,
2024-11-11,Máxima,,16.1,,,
2024-11-12,Media,,11.4,,,
2024-11-12,Mínima,,6.8,,,
2024-11-12,Máxima,,15.9,,,
2024-11-13,Media,,11.2,,,
2024-11-13,Mínima,,6.7,,,
2024-11-13,Máxima,,15.8,,,
2024-11-14,Media,,11.1,,,
2024-11-14,Mínima,,6.6,,,
2024-11-14,Máxima,,15.6,,,
2024-11-15,Media,,11,,,
2024-11-15,Mínima,,6.5,,,
2024-11-15,Máxima,,15.5,,,
2024-11-16,Media,,10.8,,,
2024-11-16,Mínima,,6.3,,,
2024-11-16,Máxima,,15.3,,,
2024-11-17,Media,,10.7,,,
2024-11-17,Mínima,,6.2,,,
2024-11-17,Máxima,,15.2,,,
2024-11-18,Media,,10.6,,,
2024-11-18,Mínima,,6.1,,,
2024-11-18,Máxima,,15,,,
2024-11-19,Media,,10.5,,,
2024-11-19,Mínima,,6,,,
2024-11-19,Máxima,,14.9,,,
2024-11-20,Media,,10.3,,,
2024-11-20,Mínima,,5.9,,,
2024-11-20,Máxima,,14.8,,,
2024-11-21,Media,,10.2,,,
2024-11-21,Mínima,,5.8,,,
2024-11-21,Máxima,,14.7,,,
2024-11-22,Media,,10.1,,,
2024-11-22,Mínima,,5.7,,,
2024-11-22,Máxima,,14.5,,,
2024-11-23,Media,,10,,,
2024-11-23,Mínima,,5.6,,,
2024-11-23,Máxima,,14.4,,,
2024-11-24,Media,,9.9,,,
2024-11-24,Mínima,,5.5,,,
2024-11-24,Máxima,,14.3,,,
2024-11-25,Media,,9.8,,,
2024-11-25,Mínima,,5.4,,,
2024-11-25,Máxima,,14.2,,,
2024-11-26,Media,,9.7,,,
2024-11-26,Mínima,,5.3,,,
2024-11-26,Máxima,,14.1,,,
2024-11-27,Media,,9.6,,,
2024-11-27,Mínima,,5.2,,,
2024-11-27,Máxima,,14,,,
2024-11-28,Media,,9.5,,,
2024-11-28,Mínima,,5.1,,,
2024-11-28,Máxima,,13.9,,,
2024-11-29,Media,,9.4,,,
2024-11-29,Mínima,,5.1,,,
2024-11-29,Máxima,,13.8,,,
2024-11-30,Media,,9.3,,,
2024-11-30,Mínima,,5,,,
2024-11-30,Máxima,,13.7,,,
2024-12-01,Media,,9.2,,,
2024-12-01,Mínima,,4.9,,,
2024-12-01,Máxima,,13.6,,,
2024-12-02,Media,,9.2,,,
2024-12-02,Mínima,,4.8,,,
2024-12-02,Máxima,,13.5,,,
2024-12-03,Media,,9.1,,,
2024-12-03,Mínima,,4.7,,,
2024-12-03,Máxima,,13.4,,,
2024-12-04,Media,,9,,,
2024-12-04,Mínima,,4.7,,,
2024-12-04,Máxima,,13.3,,,
2024-12-05,Media,,8.9,,,
2024-12-05,Mínima,,4.6,,,
2024-12-05,Máxima,,13.3,,,
2024-12-06,Media,,8.9,,,
2024-12-06,Mínima,,4.5,,,
2024-12-06,Máxima,,13.2,,,
2024-12-07,Media,,8.8,,,
2024-12-07,Mínima,,4.5,,,
2024-12-07,Máxima,,13.1,,,
2024-12-08,Media,,8.7,,,
2024-12-08,Mínima,,4.4,,,
2024-12-08,Máxima,,13,,,
2024-12-09,Media,,8.6,,,
2024-12-09,Mínima,,4.3,,,
2024-12-09,Máxima,,13,,,
2024-12-10,Media,,8.6,,,
2024-12-10,Mínima,,4.3,,,
2024-12-10,Máxima,,12.9,,,
2024-12-11,Media,,8.5,,,
2024-12-11,Mínima,,4.2,,,
2024-12-11,Máxima,,12.8,,,
2024-12-12,Media,,8.5,,,
2024-12-12,Mínima,,4.1,,,
2024-12-12,Máxima,,12.8,,,
2024-12-13,Media,,8.4,,,
2024-12-13,Mínima,,4.1,,,
2024-12-13,Máxima,,12.7,,,
2024-12-14,Media,,8.3,,,
2024-12-14,Mínima,,4,,,
2024-12-14,Máxima,,12.7,,,
2024-12-15,Media,,8.3,,,
2024-12-15,Mínima,,4,,,
2024-12-15,Máxima,,12.6,,,
2024-12-16,Media,,8.2,,,
2024-12-16,Mínima,,3.9,,,
2024-12-16,Máxima,,12.5,,,
2024-12-17,Media,,8.2,,,
2024-12-17,Mínima,,3.8,,,
2024-12-17,Máxima,,12.5,,,
2024-12-18,Media,,8.1,,,
2024-12-18,Mínima,,3.8,,,
2024-12-18,Máxima,,12.4,,,
2024-12-19,Media,,8.1,,,
2024-12-19,Mínima,,3.7,,,
2024-12-19,Máxima,,12.4,,,
2024-12-20,Media,,8,,,
2024-12-20,Mínima,,3.7,,,
2024-12-20,Máxima,,12.3,,,
2024-12-21,Media,,8,,,
2024-12-21,Mínima,,3.6,,,
2024-12-21,Máxima,,12.3,,,
2024-12-22,Media,,7.9,,,
2024-12-22,Mínima,,3.6,,,
2024-12-22,Máxima,,12.2,,,
2024-12-23,Media,,7.9,,,
2024-12-23,Mínima,,3.5,,,
2024-12-23,Máxima,,12.2,,,
2024-12-24,Media,,7.8,,,
2024-12-24,Mínima,,3.5,,,
2024-12-24,Máxima,,12.1,,,
2024-12-25,Media,,7.8,,,
2024-12-25,Mínima,,3.4,,,
2024-12-25,Máxima,,12.1,,,
2024-12-26,Media,,7.7,,,
2024-12-26,Mínima,,3.4,,,
2024-12-26,Máxima,,12,,,
2024-12-27,Media,,7.7,,,
2024-12-27,Mínima,,3.3,,,
2024-12-27,Máxima,,12,,,
2024-12-28,Media,,7.6,,,
2024-12-28,Mínima,,3.3,,,
2024-12-28,Máxima,,12,,,
2024-12-29,Media,,7.6,,,
2024-12-29,Mínima,,3.2,,,
2024-12-29,Máxima,,11.9,,,
2024-12-31,Media,,7.5,,,
2024-12-31,Mínima,,3.2,,,
2024-12-31,Máxima,,11.9,,,
